Name,Position,Age,Team_from,League_from,Team_to,League_to,Season,Market_value,Transfer_fee
Didier Drogba,Centre-Forward,26,Marseille,Ligue 1,Chelsea,Premier League,2004-2005,NA,38500000
Wayne Rooney,Second Striker,18,Everton,Premier League,Man Utd,Premier League,2004-2005,NA,37000000
Ricardo Carvalho,Centre-Back,26,FC Porto,Liga NOS,Chelsea,Premier League,2004-2005,NA,30000000
Émerson,Defensive Midfield,28,AS Roma,Serie A,Juventus,Serie A,2004-2005,NA,28000000
Samuel Eto'o,Centre-Forward,23,RCD Mallorca,LaLiga,FC Barcelona,LaLiga,2004-2005,NA,27000000
Wálter Samuel,Centre-Back,26,AS Roma,Serie A,Real Madrid,LaLiga,2004-2005,NA,25000000
Deco,Attacking Midfield,26,FC Porto,Liga NOS,FC Barcelona,LaLiga,2004-2005,NA,21000000
Paulo Ferreira,Right-Back,25,FC Porto,Liga NOS,Chelsea,Premier League,2004-2005,NA,20000000
Djibril Cissé,Centre-Forward,22,AJ Auxerre,Ligue 1,Liverpool,Premier League,2004-2005,NA,20000000
Jonathan Woodgate,Centre-Back,24,Newcastle,Premier League,Real Madrid,LaLiga,2004-2005,NA,18300000
Arjen Robben,Right Winger,20,PSV Eindhoven,Eredivisie,Chelsea,Premier League,2004-2005,NA,18000000
Stefano Fiore,Attacking Midfield,29,Lazio,Serie A,Valencia CF,LaLiga,2004-2005,NA,17000000
Xabi Alonso,Defensive Midfield,22,Real Sociedad,LaLiga,Liverpool,Premier League,2004-2005,NA,16000000
Matteo Brighi,Central Midfield,23,Juventus,Serie A,AS Roma,Serie A,2004-2005,NA,16000000
Zlatan Ibrahimovic,Centre-Forward,22,AFC Ajax,Eredivisie,Juventus,Serie A,2004-2005,NA,16000000
Carlos Tévez,Second Striker,20,Boca Juniors, Argentina,Corinthians,Série A,2004-2005,15000000,15000000
Tiago,Central Midfield,23,Benfica,Liga NOS,Chelsea,Premier League,2004-2005,NA,15000000
Valeri Bojinov,Centre-Forward,18,Lecce,Serie A,Fiorentina,Serie A,2004-2005,13000000,14000000
Matuzalém,Defensive Midfield,24,Brescia,Serie A,Shakhtar D.,Premier Liga,2004-2005,NA,14000000
Petr Cech,Goalkeeper,22,Stade Rennais,Ligue 1,Chelsea,Premier League,2004-2005,NA,13000000
Jiri Jarosik,Centre-Back,27,CSKA Moscow,Premier Liga,Chelsea,Premier League,2004-2005,5000000,12000000
Michael Owen,Centre-Forward,24,Liverpool,Premier League,Real Madrid,LaLiga,2004-2005,NA,12000000
Lúcio,Centre-Back,26,Bay. Leverkusen,1.Bundesliga,Bayern Munich ,1.Bundesliga,2004-2005,NA,12000000
Alex,Centre-Back,22,Santos FC, Brazil,Chelsea,Premier League,2004-2005,NA,11500000
Matteo Brighi,Central Midfield,23,Parma,Serie A,Juventus,Serie A,2004-2005,NA,11500000
Jean-Alain Boumsong,Centre-Back,25,Rangers,Premiership,Newcastle,Premier League,2004-2005,8500000,11300000
Marco Di Vaio,Centre-Forward,27,Juventus,Serie A,Valencia CF,LaLiga,2004-2005,NA,11000000
Nicolas Anelka,Centre-Forward,25,Man City,Premier League,Fenerbahce,Süper Lig,2004-2005,15000000,10700000
Jaap Stam,Centre-Back,31,Lazio,Serie A,AC Milan,Serie A,2004-2005,NA,10500000
Carlos Alberto,Attacking Midfield,20,FC Porto,Liga NOS,Corinthians,Série A,2004-2005,6000000,10000000
Gabriel Heinze,Centre-Back,26,Paris SG,Ligue 1,Man Utd,Premier League,2004-2005,NA,10000000
Fabio Cannavaro,Centre-Back,30,Inter,Serie A,Juventus,Serie A,2004-2005,NA,10000000
Jérôme Rothen,Left Midfield,26,Monaco,Ligue 1,Paris SG,Ligue 1,2004-2005,NA,10000000
Péguy Luyindula,Centre-Forward,25,Olympique Lyon,Ligue 1,Marseille,Ligue 1,2004-2005,NA,10000000
Javier Chevantón,Centre-Forward,23,Lecce,Serie A,Monaco,Ligue 1,2004-2005,NA,10000000
Mario Yepes,Centre-Back,28,FC Nantes,Ligue 1,Paris SG,Ligue 1,2004-2005,NA,10000000
Emile Heskey,Centre-Forward,26,Liverpool,Premier League,Birmingham,Premier League,2004-2005,NA,9320000
Fernando Morientes,Centre-Forward,28,Real Madrid,LaLiga,Liverpool,Premier League,2004-2005,15000000,9250000
Torsten Frings,Defensive Midfield,27,Bor. Dortmund,1.Bundesliga,Bayern Munich ,1.Bundesliga,2004-2005,NA,9250000
James Beattie,Centre-Forward,26,Southampton,Premier League,Everton,Premier League,2004-2005,10000000,9000000
Papa Bouba Diop,Defensive Midfield,26,Lens,Ligue 1,Fulham,Premier League,2004-2005,NA,9000000
Alan Smith,Central Midfield,23,Leeds,Championship,Man Utd,Premier League,2004-2005,NA,9000000
Luis García,Right Winger,26,FC Barcelona,LaLiga,Liverpool,Premier League,2004-2005,NA,8750000
Fernando Cavenaghi,Centre-Forward,20,River Plate, Argentina,Spartak Moscow,Premier Liga,2004-2005,NA,8600000
Éric Abidal,Left-Back,24,LOSC Lille,Ligue 1,Olympique Lyon,Ligue 1,2004-2005,NA,8500000
Ludovic Giuly,Right Winger,27,Monaco,Ligue 1,FC Barcelona,LaLiga,2004-2005,NA,8500000
Pierre-Alain Frau,Centre-Forward,24,FC Sochaux,Ligue 1,Olympique Lyon,Ligue 1,2004-2005,NA,8500000
Andy Reid,Left Midfield,22,Nottm Forest,Championship,Spurs,Premier League,2004-2005,3500000,8000000
Edmílson,Centre-Back,27,Olympique Lyon,Ligue 1,FC Barcelona,LaLiga,2004-2005,NA,8000000
Goran Pandev,Second Striker,20,Inter,Serie A,Lazio,Serie A,2004-2005,NA,8000000
Anderson,Central Midfield,16,Grêmio, Brazil,FC Porto,Liga NOS,2004-2005,NA,8000000
Elano,Attacking Midfield,23,Santos FC,Série A,Shakhtar D.,Premier Liga,2004-2005,NA,7600000
Derlei,Centre-Forward,29,FC Porto,Liga NOS,Dinamo Moscow,Premier Liga,2004-2005,10000000,7500000
Mateja Kezman,Centre-Forward,25,PSV Eindhoven,Eredivisie,Chelsea,Premier League,2004-2005,NA,7500000
Tomás Ujfalusi,Centre-Back,26,Hamburger SV,1.Bundesliga,Fiorentina,Serie A,2004-2005,NA,7500000
Hélder Postiga,Centre-Forward,21,Spurs,Premier League,FC Porto,Liga NOS,2004-2005,NA,7500000
James Milner,Central Midfield,18,Leeds,Championship,Newcastle,Premier League,2004-2005,NA,7400000
Barry Ferguson,Defensive Midfield,27,Blackburn,Premier League,Rangers,Premiership,2004-2005,5250000,7250000
Simone Perrotta,Attacking Midfield,26,Chievo Verona,Serie A,AS Roma,Serie A,2004-2005,NA,7200000
Michael Dawson,Centre-Back,21,Nottm Forest,Championship,Spurs,Premier League,2004-2005,1000000,7000000
Philippe Mexès,Centre-Back,22,AJ Auxerre,Ligue 1,AS Roma,Serie A,2004-2005,NA,7000000
Fabrizio Miccoli,Centre-Forward,25,Juventus,Serie A,Fiorentina,Serie A,2004-2005,NA,7000000
Matteo Ferrari,Centre-Back,24,Parma,Serie A,AS Roma,Serie A,2004-2005,NA,7000000
Diego,Attacking Midfield,19,Santos FC, Brazil,FC Porto,Liga NOS,2004-2005,NA,7000000
Mark Viduka,Centre-Forward,28,Leeds,Championship,Middlesbrough,Premier League,2004-2005,NA,6750000
Giampaolo Pazzini,Centre-Forward,20,Atalanta,Serie A,Fiorentina,Serie A,2004-2005,3000000,6500000
Maxi López,Centre-Forward,20,River Plate, Argentina,FC Barcelona,LaLiga,2004-2005,NA,6500000
Giorgio Chiellini,Centre-Back,19,AS Livorno,Serie A,Fiorentina,Serie A,2004-2005,NA,6500000
Luciano Figueroa,Centre-Forward,23,CD Cruz Azul, Mexico,Villarreal CF,LaLiga,2004-2005,3250000,6200000
Vágner Love,Centre-Forward,20,Palmeiras, Brazil,CSKA Moscow,Premier Liga,2004-2005,NA,6200000
Dean Ashton,Centre-Forward,21,Crewe Alexandra,Championship,Norwich,Premier League,2004-2005,750000,6000000
Mido,Centre-Forward,21,Marseille,Ligue 1,AS Roma,Serie A,2004-2005,NA,6000000
Juliano Belletti,Right-Back,28,Villarreal CF,LaLiga,FC Barcelona,LaLiga,2004-2005,NA,6000000
Eduardo Costa,Defensive Midfield,21,G. Bordeaux,Ligue 1,Marseille,Ligue 1,2004-2005,NA,6000000
Ricardo Quaresma,Right Winger,20,FC Barcelona,LaLiga,FC Porto,Liga NOS,2004-2005,NA,6000000
Nilmar,Centre-Forward,20,Internacional, Brazil,Olympique Lyon,Ligue 1,2004-2005,NA,5750000
Francisco Lima,Defensive Midfield,33,AS Roma,Serie A,Loko Moscow,Premier Liga,2004-2005,NA,5700000
Edú,Second Striker,25,Celta de Vigo,LaLiga2,Real Betis,LaLiga,2004-2005,NA,5500000
Dario Dainelli,Centre-Back,25,Brescia,Serie A,Fiorentina,Serie A,2004-2005,NA,5500000
Stephen Makinwa,Centre-Forward,21,Genoa,Serie B,Atalanta,Serie A,2004-2005,200000,5400000
Joel Huiqui,Centre-Back,21,CF Pachuca, Mexico,CD Cruz Azul, Mexico,2004-2005,NA,5400000
Gerard Piqué,Centre-Back,17,Barça Juvenil A, Spain,Man Utd,Premier League,2004-2005,NA,5250000
Sean Davis,Defensive Midfield,24,Fulham,Premier League,Spurs,Premier League,2004-2005,NA,5200000
Fabricio Coloccini,Centre-Back,23,AC Milan,Serie A,Dep. La Coruña,LaLiga,2004-2005,8000000,5000000
Franck Ribéry,Left Winger,21,FC Metz,Ligue 1,Galatasaray,Süper Lig,2004-2005,4500000,5000000
Miroslav Klose,Centre-Forward,26,1.FC K'lautern,1.Bundesliga,Werder Bremen,1.Bundesliga,2004-2005,NA,5000000
Mohamed Kallon,Centre-Forward,24,Inter,Serie A,Monaco,Ligue 1,2004-2005,NA,5000000
Simone Barone,Central Midfield,26,Parma,Serie A,US Palermo,Serie A,2004-2005,NA,5000000
Benoît Pedretti,Defensive Midfield,23,FC Sochaux,Ligue 1,Marseille,Ligue 1,2004-2005,NA,5000000
Manuel Almunia,Goalkeeper,27,Celta de Vigo,LaLiga2,Arsenal,Premier League,2004-2005,NA,5000000
Sylvain Armand,Centre-Back,23,FC Nantes,Ligue 1,Paris SG,Ligue 1,2004-2005,NA,5000000
Peter Luccin,Defensive Midfield,25,Celta de Vigo,LaLiga2,Atlético Madrid,LaLiga,2004-2005,NA,5000000
Rodrigo,Centre-Back,24,São Paulo,Série A,Dynamo Kyiv,Premier Liga,2004-2005,NA,5000000
Jádson,Attacking Midfield,21,Atlético-PR,Série A,Shakhtar D.,Premier Liga,2004-2005,NA,5000000
Angelos Charisteas,Centre-Forward,24,Werder Bremen,1.Bundesliga,AFC Ajax,Eredivisie,2004-2005,6000000,4900000
César Carignano,Centre-Forward,21,Colón, Argentina,FC Basel,Super League,2004-2005,NA,4700000
Robbie Savage,Central Midfield,30,Birmingham,Premier League,Blackburn,Premier League,2004-2005,5000000,4500000
Juanfran,Left-Back,27,Celta de Vigo,LaLiga2,Besiktas,Süper Lig,2004-2005,NA,4500000
Thimothée Atouba,Left-Back,22,FC Basel,Super League,Spurs,Premier League,2004-2005,NA,4500000
Robert Earnshaw,Centre-Forward,23,Cardiff,Championship,West Brom,Premier League,2004-2005,NA,4500000
Robin van Persie,Centre-Forward,20,Feyenoord,Eredivisie,Arsenal,Premier League,2004-2005,NA,4500000
Nemanja Vidic<U+200E>,Centre-Back,22,Red Star, Serbia,Spartak Moscow,Premier Liga,2004-2005,NA,4450000
Michael Carrick,Defensive Midfield,23,West Ham,Championship,Spurs,Premier League,2004-2005,NA,4100000
Benjamin Lauth,Centre-Forward,22,1860 Munich,2.Bundesliga,Hamburger SV,1.Bundesliga,2004-2005,NA,4100000
Clemente Rodríguez,Left-Back,23,Boca Juniors, Argentina,Spartak Moscow,Premier Liga,2004-2005,3500000,4000000
Radoslav Kovac,Centre-Back,25,Sparta Praha,HET Liga,Spartak Moscow,Premier Liga,2004-2005,50000,4000000
Robert,Centre-Forward,23,Atlas, Mexico,PSV Eindhoven,Eredivisie,2004-2005,50000,4000000
Mikel Arteta,Central Midfield,22,Rangers,Premiership,Real Sociedad,LaLiga,2004-2005,NA,4000000
Alex,Attacking Midfield,26,Cruzeiro, Brazil,Fenerbahce,Süper Lig,2004-2005,NA,4000000
Marcelo Bordon,Centre-Back,28,VfB Stuttgart,1.Bundesliga,FC Schalke 04,1.Bundesliga,2004-2005,NA,4000000
Martin Laursen,Centre-Back,26,AC Milan,Serie A,Aston Villa,Premier League,2004-2005,NA,4000000
Emanuele Calaiò,Centre-Forward,22,Pescara,Serie B,SSC Napoli,Serie C - B,2004-2005,NA,4000000
Ricardo Oliveira,Centre-Forward,24,Valencia CF,LaLiga,Real Betis,LaLiga,2004-2005,NA,4000000
Francis Jeffers,Centre-Forward,23,Arsenal,Premier League,Charlton,Premier League,2004-2005,NA,3900000
Daniel Van Buyten,Centre-Back,26,Marseille,Ligue 1,Hamburger SV,1.Bundesliga,2004-2005,NA,3800000
Martin Albrechtsen,Centre-Back,24,FC Copenhagen,Superligaen,West Brom,Premier League,2004-2005,NA,3750000
Nicky Butt,Central Midfield,29,Man Utd,Premier League,Newcastle,Premier League,2004-2005,NA,3750000
Thomas Buffel,Right Winger,23,Feyenoord,Eredivisie,Rangers,Premiership,2004-2005,5500000,3500000
Dudu Cearense,Central Midfield,21,Kashiwa Reysol,J1 League,CSKA Moscow,Premier Liga,2004-2005,2500000,3500000
Cris,Centre-Back,27,Cruzeiro, Brazil,Olympique Lyon,Ligue 1,2004-2005,NA,3500000
John Carew,Centre-Forward,24,Valencia CF,LaLiga,Besiktas,Süper Lig,2004-2005,NA,3500000
Paul Freier,Right Midfield,24,VfL Bochum,1.Bundesliga,Bay. Leverkusen,1.Bundesliga,2004-2005,NA,3500000
Ariza Makukula,Centre-Forward,23,FC Nantes,Ligue 1,Sevilla FC,LaLiga,2004-2005,NA,3500000
Dennis Rommedahl,Right Winger,25,PSV Eindhoven,Eredivisie,Charlton,Premier League,2004-2005,NA,3500000
Cícero,Centre-Forward,18,Braga,Liga NOS,Dinamo Moscow,Premier Liga,2004-2005,NA,3500000
Mariano González,Right Midfield,23,Racing Club, Argentina,US Palermo,Serie A,2004-2005,NA,3500000
Nicolás Burdisso,Centre-Back,23,Boca Juniors, Argentina,Inter,Serie A,2004-2005,NA,3500000
Luís Fabiano,Centre-Forward,23,São Paulo, Brazil,FC Porto,Liga NOS,2004-2005,NA,3500000
Jefferson Farfán,Right Winger,19,Alianza Lima, Peru,PSV Eindhoven,Eredivisie,2004-2005,NA,3500000
Thomas Gravesen,Defensive Midfield,28,Everton,Premier League,Real Madrid,LaLiga,2004-2005,6000000,3400000
Luis Perea,Centre-Back,25,Boca Juniors, Argentina,Atlético Madrid,LaLiga,2004-2005,NA,3300000
Jesper Grönkjaer,Left Winger,26,Chelsea,Premier League,Birmingham,Premier League,2004-2005,NA,3300000
Martin Jiranek,Centre-Back,25,Reggina,Serie A,Spartak Moscow,Premier Liga,2004-2005,NA,3300000
Danny Murphy,Central Midfield,27,Liverpool,Premier League,Charlton,Premier League,2004-2005,NA,3250000
Cristian Silvestri,Centre-Back,29,Lecce,Serie A,Catania,Serie B,2004-2005,1250000,3200000
Diego Forlán,Second Striker,25,Man Utd,Premier League,Villarreal CF,LaLiga,2004-2005,NA,3200000
Nigel Quashie,Central Midfield,26,Portsmouth,Premier League,Southampton,Premier League,2004-2005,2500000,3150000
Amdy Fayé,Defensive Midfield,27,Portsmouth,Premier League,Newcastle,Premier League,2004-2005,3000000,3000000
Danny,Attacking Midfield,21,Sporting CP,Liga NOS,Dinamo Moscow,Premier Liga,2004-2005,2250000,3000000
Maicon,Right-Back,22,Cruzeiro, Brazil,Monaco,Ligue 1,2004-2005,NA,3000000
Georgios Seitaridis,Right-Back,23,Panathinaikos,Super League,FC Porto,Liga NOS,2004-2005,NA,3000000
Pablo Ibáñez,Centre-Back,22,Albacete,LaLiga,Atlético Madrid,LaLiga,2004-2005,NA,3000000
Paul Robinson,Goalkeeper,24,Leeds,Championship,Spurs,Premier League,2004-2005,NA,3000000
Ibrahim Toraman,Centre-Back,22,Gaziantepspor,Süper Lig,Besiktas,Süper Lig,2004-2005,NA,3000000
Pedro Mendes,Defensive Midfield,25,FC Porto,Liga NOS,Spurs,Premier League,2004-2005,NA,3000000
Ilan,Centre-Forward,23,Atlético-PR, Brazil,FC Sochaux,Ligue 1,2004-2005,NA,3000000
Daniel Moreira,Second Striker,26,Lens,Ligue 1,Toulouse,Ligue 1,2004-2005,NA,3000000
Habib Bamogo,Second Striker,22,Montpellier,Ligue 2,Marseille,Ligue 1,2004-2005,NA,3000000
Éric Carrière,Attacking Midfield,31,Olympique Lyon,Ligue 1,Lens,Ligue 1,2004-2005,NA,3000000
Stephen Carr,Right-Back,27,Spurs,Premier League,Newcastle,Premier League,2004-2005,NA,3000000
Fabrice Fiorèse,Right Winger,29,Paris SG,Ligue 1,Marseille,Ligue 1,2004-2005,NA,3000000
Julio Cáceres,Centre-Back,24,Olimpia, Paraguay,FC Nantes,Ligue 1,2004-2005,NA,3000000
Vedran Runje,Goalkeeper,28,Marseille,Ligue 1,Standard Liège,Jupiler Pro League,2004-2005,NA,3000000
Juan Carlos Menseguez,Second Striker,20,River Plate, Argentina,VfL Wolfsburg,1.Bundesliga,2004-2005,NA,3000000
Tomasz Radzinski,Centre-Forward,30,Everton,Premier League,Fulham,Premier League,2004-2005,NA,3000000
Josemi,Centre-Back,24,Málaga CF,LaLiga,Liverpool,Premier League,2004-2005,NA,3000000
Batista,Defensive Midfield,29,Galatasaray,Süper Lig,Shakhtar D.,Premier Liga,2004-2005,NA,3000000
Florin Bratu,Centre-Forward,24,Galatasaray,Süper Lig,FC Nantes,Ligue 1,2004-2005,NA,3000000
Tomas Hübschman,Defensive Midfield,22,Sparta Praha,HET Liga,Shakhtar D.,Premier Liga,2004-2005,NA,3000000
Jelle Van Damme,Left-Back,20,AFC Ajax,Eredivisie,Southampton,Premier League,2004-2005,NA,3000000
Peter Crouch,Centre-Forward,23,Aston Villa,Premier League,Southampton,Premier League,2004-2005,NA,3000000
David Healy,Centre-Forward,25,Preston NE,Championship,Leeds,Championship,2004-2005,NA,2750000
Sotiris Kyrgiakos,Centre-Back,25,Panathinaikos,Super League,Rangers,Premiership,2004-2005,3800000,2630000
Eric Djemba-Djemba,Defensive Midfield,23,Man Utd,Premier League,Aston Villa,Premier League,2004-2005,7000000,2540000
Leandro Romagnoli,Attacking Midfield,23,San Lorenzo, Argentina,Tiburones Rojos, Mexico,2004-2005,3000000,2500000
Sergey Semak,Central Midfield,28,CSKA Moscow,Premier Liga,Paris SG,Ligue 1,2004-2005,1000000,2500000
Emile Mpenza,Centre-Forward,26,Standard Liège,Jupiler Pro League,Hamburger SV,1.Bundesliga,2004-2005,NA,2500000
Ricardo Fuller,Centre-Forward,24,Preston NE,Championship,Portsmouth,Premier League,2004-2005,NA,2500000
Adailton,Centre-Back,21,EC Vitória, Brazil,Stade Rennais,Ligue 1,2004-2005,NA,2500000
Andreas Görlitz,Right-Back,22,1860 Munich,2.Bundesliga,Bayern Munich ,1.Bundesliga,2004-2005,NA,2500000
Giorgi Demetradze,Centre-Forward,28,Metalurh D.,Premier Liga,Spartak V.,Premier Liga,2004-2005,NA,2500000
Lima,Centre-Forward,23,Braga,Liga NOS,Atlético-PR,Série A,2004-2005,NA,2500000
Mauro Rosales,Right Midfield,23,Newell's, Argentina,AFC Ajax,Eredivisie,2004-2005,NA,2500000
Thiago Silva,Centre-Back,20,Juventude,Série A,FC Porto,Liga NOS,2004-2005,NA,2500000
Júlio César,Goalkeeper,25,Flamengo,Série A,Inter,Serie A,2004-2005,2000000,2450000
Fabrizio Miccoli,Centre-Forward,25,Fiorentina,Serie A,Juventus,Serie A,2004-2005,15000000,2400000
Erik Hagen,Centre-Back,29,Valerenga,Eliteserien,Zenit S-Pb,Premier Liga,2004-2005,2400000,2400000
Noé Pamarot,Centre-Back,25,OGC Nice,Ligue 1,Spurs,Premier League,2004-2005,NA,2400000
Cata Díaz,Centre-Back,25,Colón, Argentina,Boca Juniors, Argentina,2004-2005,NA,2400000
Roger,Attacking Midfield,26,Benfica,Liga NOS,Corinthians,Série A,2004-2005,1500000,2300000
Mathieu Berson,Defensive Midfield,24,FC Nantes,Ligue 1,Aston Villa,Premier League,2004-2005,NA,2300000
Marek Heinz,Centre-Forward,26,Banik Ostrava,HET Liga,Bor. M'gladbach,1.Bundesliga,2004-2005,NA,2300000
Robbie Blake,Second Striker,28,Burnley,Championship,Birmingham,Premier League,2004-2005,1750000,2250000
Richard Chaplow,Central Midfield,20,Burnley,Championship,West Brom,Premier League,2004-2005,50000,2250000
Lomana LuaLua,Second Striker,23,Newcastle,Premier League,Portsmouth,Premier League,2004-2005,NA,2250000
Zoltán Gera,Central Midfield,25,Ferencváros,NB I.,West Brom,Premier League,2004-2005,NA,2250000
Fitz Hall,Centre-Back,23,Southampton,Premier League,Crystal Palace,Premier League,2004-2005,NA,2250000
Morten Gamst Pedersen,Central Midfield,22,Tromsø,Eliteserien,Blackburn,Premier League,2004-2005,NA,2250000
Milos Krasic,Central Midfield,19,Vojvodina, Serbia,CSKA Moscow,Premier Liga,2004-2005,NA,2250000
Emmanuel Eboué,Right-Back,21,KSK Beveren,Jupiler Pro League,Arsenal,Premier League,2004-2005,1800000,2200000
Sergio Almirón,Central Midfield,23,Udinese Calcio,Serie A,FC Empoli,Serie B,2004-2005,NA,2200000
Vladimir Manchev,Centre-Forward,26,LOSC Lille,Ligue 1,Levante UD,LaLiga,2004-2005,NA,2200000
Tim Cahill,Attacking Midfield,24,Millwall,Championship,Everton,Premier League,2004-2005,NA,2200000
Adriano,Left-Back,20,Coritiba FC,Série A,Sevilla FC,LaLiga,2004-2005,NA,2100000
Jesper Grönkjaer,Left Winger,27,Birmingham,Premier League,Atlético Madrid,LaLiga,2004-2005,6500000,2000000
Sonny Anderson,Centre-Forward,34,Villarreal CF,LaLiga,Al Rayyan, Qatar,2004-2005,4000000,2000000
Chong-gug Song,Right-Back,25,Feyenoord,Eredivisie,Suwon Bluewings," Korea, South",2004-2005,2800000,2000000
Luís Loureiro,Defensive Midfield,28,Braga,Liga NOS,Dinamo Moscow,Premier Liga,2004-2005,2750000,2000000
Leandro,Left-Back,25,Cruzeiro,Série A,FC Porto,Liga NOS,2004-2005,2500000,2000000
Sebastian Mila,Attacking Midfield,22,Grodzisk,Ekstraklasa,Austria Vienna,Bundesliga,2004-2005,1500000,2000000
Léo Lima,Attacking Midfield,22,Marítimo,Liga NOS,FC Porto,Liga NOS,2004-2005,500000,2000000
Aleksey Bugaev,Centre-Back,23,Torpedo Moscow,Premier Liga,Loko Moscow,Premier Liga,2004-2005,50000,2000000
Paulo Assunção,Defensive Midfield,24,Nacional,Liga NOS,FC Porto,Liga NOS,2004-2005,NA,2000000
Jussiê,Attacking Midfield,21,Cruzeiro,Série A,Lens,Ligue 1,2004-2005,NA,2000000
Kevin Hofland,Centre-Back,25,PSV Eindhoven,Eredivisie,VfL Wolfsburg,1.Bundesliga,2004-2005,NA,2000000
Juan Carlos Cacho,Centre-Forward,22,CD Cruz Azul, Mexico,CF Pachuca, Mexico,2004-2005,NA,2000000
Marco Caneira,Centre-Back,25,G. Bordeaux,Ligue 1,Valencia CF,LaLiga,2004-2005,NA,2000000
Vahid Hashemian,Centre-Forward,27,VfL Bochum,1.Bundesliga,Bayern Munich ,1.Bundesliga,2004-2005,NA,2000000
Seyi Olofinjana,Central Midfield,24,SK Brann,Eliteserien,Wolves,Championship,2004-2005,NA,2000000
Erik Edman,Left-Back,25,Heerenveen,Eredivisie,Spurs,Premier League,2004-2005,NA,2000000
Weldon,Centre-Forward,23,Ponte Preta, Brazil,Al-Nasr, United Arab Emirates,2004-2005,NA,2000000
Rodolfo,Centre-Back,21,Fluminense, Brazil,Dynamo Kyiv,Premier Liga,2004-2005,NA,2000000
Serkan Balci,Right-Back,20,Genclerbirligi,Süper Lig,Fenerbahce,Süper Lig,2004-2005,NA,2000000
Davide Carrus,Defensive Midfield,25,Fiorentina,Serie A,Bari,Serie B,2004-2005,NA,2000000
DaMarcus Beasley,Left-Back,22,Chicago Fire,MLS,PSV Eindhoven,Eredivisie,2004-2005,NA,2000000
Pepe,Centre-Back,21,Marítimo,Liga NOS,FC Porto,Liga NOS,2004-2005,NA,2000000
Davide Possanzini,Centre-Forward,28,UC AlbinoLeffe,Serie B,US Palermo,Serie A,2004-2005,50000,1900000
Claus Jensen,Attacking Midfield,27,Charlton,Premier League,Fulham,Premier League,2004-2005,NA,1900000
Andreas Jakobsson,Centre-Back,32,Bröndby IF,Superligaen,Southampton,Premier League,2004-2005,2000000,1800000
Damian Gorawski,Right Winger,26,Wisla Kraków,Ekstraklasa,FK Moskau,Premier Liga,2004-2005,1750000,1800000
Ki-hyeon Seol,Right Winger,25,RSC Anderlecht,Jupiler Pro League,Wolves,Championship,2004-2005,NA,1800000
Serghei Covalciuc,Central Midfield,22,Karpaty, Ukraine,Spartak Moscow,Premier Liga,2004-2005,NA,1800000
Marcel,Centre-Forward,23,Suwon Bluewings," Korea, South",Coimbra,Liga NOS,2004-2005,NA,1800000
Sixto Peralta,Central Midfield,25,Santos Laguna, Mexico,Tigres UANL, Mexico,2004-2005,NA,1800000
Calum Davenport,Centre-Back,21,Coventry City,Championship,Spurs,Premier League,2004-2005,NA,1800000
Ibson,Central Midfield,21,Flamengo,Série A,FC Porto,Liga NOS,2004-2005,NA,1800000
Mladen Petric,Centre-Forward,23,Grasshoppers,Super League,FC Basel,Super League,2004-2005,NA,1750000
Azar Karadas,Centre-Back,22,Rosenborg BK,Eliteserien,Benfica,Liga NOS,2004-2005,NA,1750000
Jonathan Greening,Central Midfield,25,Middlesbrough,Premier League,West Brom,Premier League,2004-2005,NA,1750000
Önder Turaci,Centre-Back,22,Standard Liège,Jupiler Pro League,Fenerbahce,Süper Lig,2004-2005,NA,1700000
Pedro Benítez,Centre-Back,23,Cerro Porteño, Paraguay,Shakhtar D.,Premier Liga,2004-2005,NA,1700000
Andreas Isaksson,Goalkeeper,22,Djurgarden, Sweden,Stade Rennais,Ligue 1,2004-2005,NA,1700000
Maksim Romashchenko,Left Midfield,28,Trabzonspor,Süper Lig,Dinamo Moscow,Premier Liga,2004-2005,2200000,1600000
Tobias Linderoth,Defensive Midfield,25,Everton,Premier League,FC Copenhagen,Superligaen,2004-2005,NA,1600000
Dragan Mladenovic,Defensive Midfield,28,Red Star, Serbia,Rangers,Premiership,2004-2005,NA,1600000
Niko Kranjcar,Attacking Midfield,20,Dinamo Zagreb, Croatia,Hajduk Split, Croatia,2004-2005,5000000,1500000
Juan Pablo Sorín,Left-Back,28,Cruzeiro, Brazil,Villarreal CF,LaLiga,2004-2005,4000000,1500000
Élson,Attacking Midfield,23,Palmeiras,Série A,VfB Stuttgart,1.Bundesliga,2004-2005,1200000,1500000
Damani Ralph,Centre-Forward,24,Chicago Fire,MLS,Rubin Kazan,Premier Liga,2004-2005,1000000,1500000
Giannis Skopelitis,Defensive Midfield,26,Egaleo AO,Super League,Portsmouth,Premier League,2004-2005,800000,1500000
Atiba Hutchinson,Defensive Midfield,21,Östers IF, Sweden,Helsingborg,Allsvenskan,2004-2005,50000,1500000
Khalid Boulahrouz,Centre-Back,22,RKC Waalwijk,Eredivisie,Hamburger SV,1.Bundesliga,2004-2005,NA,1500000
Rigobert Song,Centre-Back,28,Lens,Ligue 1,Galatasaray,Süper Lig,2004-2005,NA,1500000
Gilberto,Central Midfield,28,São Caetano, Brazil,Hertha BSC,1.Bundesliga,2004-2005,NA,1500000
Jérémie Bréchet,Centre-Back,24,Inter,Serie A,Real Sociedad,LaLiga,2004-2005,NA,1500000
Ben Thatcher,Left-Back,28,Leicester,Championship,Man City,Premier League,2004-2005,NA,1500000
Sylvinho,Left-Back,30,Celta de Vigo,LaLiga2,FC Barcelona,LaLiga,2004-2005,NA,1500000
Facundo Quiroga,Centre-Back,26,Sporting CP,Liga NOS,VfL Wolfsburg,1.Bundesliga,2004-2005,NA,1500000
Michael Essien,Defensive Midfield,22,Olympique Lyon,Ligue 1,Chelsea,Premier League,2005-2006,45000000,38000000
Shaun Wright-Phillips,Right Winger,23,Man City,Premier League,Chelsea,Premier League,2005-2006,9500000,31500000
Sergio Ramos,Centre-Back,19,Sevilla FC,LaLiga,Real Madrid,LaLiga,2005-2006,27000000,27000000
Michael Owen,Centre-Forward,25,Real Madrid,LaLiga,Newcastle,Premier League,2005-2006,22000000,25000000
Alberto Gilardino,Centre-Forward,23,Parma,Serie A,AC Milan,Serie A,2005-2006,20000000,25000000
Robinho,Left Winger,21,Santos FC,Série A,Real Madrid,LaLiga,2005-2006,25000000,24000000
Patrick Vieira,Defensive Midfield,29,Arsenal,Premier League,Juventus,Serie A,2005-2006,35000000,20000000
Júlio Baptista,Attacking Midfield,23,Sevilla FC,LaLiga,Real Madrid,LaLiga,2005-2006,25000000,20000000
Albert Luque,Left Winger,27,Dep. La Coruña,LaLiga,Newcastle,Premier League,2005-2006,20000000,20000000
Maniche,Central Midfield,27,FC Porto,Liga NOS,Dinamo Moscow,Premier Liga,2005-2006,18000000,16000000
Wálter Samuel,Centre-Back,27,Real Madrid,LaLiga,Inter,Serie A,2005-2006,17000000,16000000
Fred,Centre-Forward,21,Cruzeiro,Série A,Olympique Lyon,Ligue 1,2005-2006,7500000,15600000
Jermaine Jenas,Central Midfield,22,Newcastle,Premier League,Spurs,Premier League,2005-2006,9000000,15000000
Aleksandr Hleb,Attacking Midfield,24,VfB Stuttgart,1.Bundesliga,Arsenal,Premier League,2005-2006,8500000,15000000
Asier del Horno,Left-Back,24,Athletic Bilbao,LaLiga,Chelsea,Premier League,2005-2006,12000000,12000000
David Pizarro,Central Midfield,25,Udinese Calcio,Serie A,Inter,Serie A,2005-2006,12000000,12000000
David Villa,Centre-Forward,23,Real Zaragoza,LaLiga,Valencia CF,LaLiga,2005-2006,12000000,12000000
Mohamed Sissoko,Defensive Midfield,20,Valencia CF,LaLiga,Liverpool,Premier League,2005-2006,4000000,12000000
Javier Mascherano,Defensive Midfield,21,River Plate,Torneo Final,Corinthians,Série A,2005-2006,11800000,11800000
Dean Ashton,Centre-Forward,22,Norwich,Championship,West Ham,Premier League,2005-2006,6500000,10890000
Peter Crouch,Centre-Forward,24,Southampton,Championship,Liverpool,Premier League,2005-2006,10500000,10500000
Nemanja Vidic<U+200E>,Centre-Back,24,Spartak Moscow,Premier Liga,Man Utd,Premier League,2005-2006,8500000,10500000
Theo Walcott,Right Winger,16,Southampton,Championship,Arsenal,Premier League,2005-2006,2500000,10500000
Lucho González,Central Midfield,24,River Plate,Torneo Final,FC Porto,Liga NOS,2005-2006,6000000,10250000
Tiago,Central Midfield,24,Chelsea,Premier League,Olympique Lyon,Ligue 1,2005-2006,10000000,10100000
Luca Toni,Centre-Forward,28,US Palermo,Serie A,Fiorentina,Serie A,2005-2006,15000000,10000000
Luís Fabiano,Centre-Forward,24,FC Porto,Liga NOS,Sevilla FC,LaLiga,2005-2006,10000000,10000000
Georgios Seitaridis,Right-Back,24,FC Porto,Liga NOS,Dinamo Moscow,Premier Liga,2005-2006,8000000,10000000
Emmanuel Adebayor,Centre-Forward,21,Monaco,Ligue 1,Arsenal,Premier League,2005-2006,7500000,10000000
Martin Petrov,Left Winger,26,VfL Wolfsburg,1.Bundesliga,Atlético Madrid,LaLiga,2005-2006,7000000,10000000
Pepe Reina,Goalkeeper,22,Villarreal CF,LaLiga,Liverpool,Premier League,2005-2006,4500000,9800000
Yakubu Aiyegbeni,Centre-Forward,22,Portsmouth,Premier League,Middlesbrough,Premier League,2005-2006,9500000,9750000
Mateja Kezman,Centre-Forward,26,Chelsea,Premier League,Atlético Madrid,LaLiga,2005-2006,13500000,9000000
Andy van der Meyde,Right Winger,25,Inter,Serie A,Everton,Premier League,2005-2006,12500000,9000000
Scott Parker,Central Midfield,24,Chelsea,Premier League,Newcastle,Premier League,2005-2006,11000000,9000000
Klaas-Jan Huntelaar,Centre-Forward,22,Heerenveen,Eredivisie,AFC Ajax,Eredivisie,2005-2006,4750000,9000000
Milan Baros,Centre-Forward,23,Liverpool,Premier League,Aston Villa,Premier League,2005-2006,17500000,8840000
Daniel Agger,Centre-Back,21,Bröndby IF,Superligaen,Liverpool,Premier League,2005-2006,400000,8760000
Marek Jankulovski,Left-Back,28,Udinese Calcio,Serie A,AC Milan,Serie A,2005-2006,20000000,8500000
Valérien Ismaël,Centre-Back,29,Werder Bremen,1.Bundesliga,Bayern Munich ,1.Bundesliga,2005-2006,8500000,8500000
Bonaventure Kalou,Right Winger,27,AJ Auxerre,Ligue 1,Paris SG,Ligue 1,2005-2006,7500000,8500000
Georgios Samaras,Left Winger,20,Heerenveen,Eredivisie,Man City,Premier League,2005-2006,3000000,8500000
Miguel,Right-Back,25,Benfica,Liga NOS,Valencia CF,LaLiga,2005-2006,15000000,8000000
Andrea Caracciolo,Centre-Forward,23,Brescia,Serie B,US Palermo,Serie A,2005-2006,8000000,8000000
Patrice Evra,Left-Back,24,Monaco,Ligue 1,Man Utd,Premier League,2005-2006,6500000,8000000
Stephen Appiah,Central Midfield,24,Juventus,Serie A,Fenerbahce,Süper Lig,2005-2006,6000000,8000000
Fernandinho,Defensive Midfield,20,Atlético-PR,Série A,Shakhtar D.,Premier Liga,2005-2006,500000,7800000
Giorgio Chiellini,Centre-Back,20,Fiorentina,Serie A,Juventus,Serie A,2005-2006,9000000,7700000
John Carew,Centre-Forward,25,Besiktas,Süper Lig,Olympique Lyon,Ligue 1,2005-2006,7000000,7600000
Jon Dahl Tomasson,Centre-Forward,28,AC Milan,Serie A,VfB Stuttgart,1.Bundesliga,2005-2006,15000000,7500000
Craig Bellamy,Left Winger,26,Newcastle,Premier League,Blackburn,Premier League,2005-2006,9000000,7500000
Benoît Pedretti,Defensive Midfield,24,Marseille,Ligue 1,Olympique Lyon,Ligue 1,2005-2006,9000000,7500000
Domenico Morfeo,Attacking Midfield,29,Inter,Serie A,Parma,Serie A,2005-2006,6000000,7500000
Stephen Makinwa,Centre-Forward,22,Atalanta,Serie B,US Palermo,Serie A,2005-2006,5000000,7500000
Ji-seong Park,Attacking Midfield,24,PSV Eindhoven,Eredivisie,Man Utd,Premier League,2005-2006,5000000,7300000
Mamadou Niang,Centre-Forward,25,R. Strasbourg,Ligue 1,Marseille,Ligue 1,2005-2006,5000000,7000000
Kevin Kuranyi,Centre-Forward,23,VfB Stuttgart,1.Bundesliga,FC Schalke 04,1.Bundesliga,2005-2006,8000000,6900000
Per Kröldrup,Centre-Back,25,Udinese Calcio,Serie A,Everton,Premier League,2005-2006,7000000,6800000
Frédéric Kanouté,Centre-Forward,27,Spurs,Premier League,Sevilla FC,LaLiga,2005-2006,7500000,6500000
Henri Camara,Centre-Forward,28,Wolves,Championship,Wigan,Premier League,2005-2006,3500000,6450000
Jan Kromkamp,Right-Back,24,AZ Alkmaar,Eredivisie,Villarreal CF,LaLiga,2005-2006,8000000,6000000
John Utaka,Left Winger,23,Lens,Ligue 1,Stade Rennais,Ligue 1,2005-2006,7000000,6000000
Camel Meriem,Attacking Midfield,25,G. Bordeaux,Ligue 1,Monaco,Ligue 1,2005-2006,6000000,6000000
Benjani,Centre-Forward,27,AJ Auxerre,Ligue 1,Portsmouth,Premier League,2005-2006,4000000,6000000
Joseph Enakarhire,Centre-Back,22,Sporting CP,Liga NOS,Dinamo Moscow,Premier Liga,2005-2006,2250000,6000000
Manuel Pasqual,Left-Back,23,Arezzo,Serie B,Fiorentina,Serie A,2005-2006,1700000,6000000
Valon Behrami,Defensive Midfield,20,Genoa,Serie C - A,Lazio,Serie A,2005-2006,500000,6000000
Yasser Al-Qahtani,Centre-Forward,22,Al Qadisiyah, Saudi Arabia,Hilal, Saudi Arabia,2005-2006,NA,6000000
Emerson Sheik,Left Winger,26,Urawa Reds,J1 League,Al Sadd, Qatar,2005-2006,NA,6000000
Antonio Cassano,Second Striker,23,AS Roma,Serie A,Real Madrid,LaLiga,2005-2006,24000000,5500000
Riccardo Montolivo,Defensive Midfield,20,Atalanta,Serie B,Fiorentina,Serie A,2005-2006,5000000,5500000
Markus Rosenberg,Centre-Forward,22,Malmö FF,Allsvenskan,AFC Ajax,Eredivisie,2005-2006,5500000,5300000
Phil Neville,Right-Back,28,Man Utd,Premier League,Everton,Premier League,2005-2006,5000000,5300000
Simon Davies,Right Midfield,25,Spurs,Premier League,Everton,Premier League,2005-2006,5500000,5250000
Slobodan Rajkovic,Centre-Back,16,OFK Beograd,SuperLiga,Chelsea,Premier League,2005-2006,NA,5200000
Rafael van der Vaart,Attacking Midfield,22,AFC Ajax,Eredivisie,Hamburger SV,1.Bundesliga,2005-2006,8000000,5100000
Emre Belözoglu,Central Midfield,24,Inter,Serie A,Newcastle,Premier League,2005-2006,12000000,5000000
Torsten Frings,Defensive Midfield,28,Bayern Munich ,1.Bundesliga,Werder Bremen,1.Bundesliga,2005-2006,9000000,5000000
Maxi Rodríguez,Left Winger,24,Espanyol,LaLiga,Atlético Madrid,LaLiga,2005-2006,7000000,5000000
Timmy Simons,Defensive Midfield,28,Club Brugge,Jupiler Pro League,PSV Eindhoven,Eredivisie,2005-2006,5000000,5000000
Sylvain Monsoreau,Centre-Back,24,FC Sochaux,Ligue 1,Olympique Lyon,Ligue 1,2005-2006,5000000,5000000
Jô,Centre-Forward,18,Corinthians,Série A,CSKA Moscow,Premier Liga,2005-2006,5000000,5000000
Rafinha,Right-Back,19,Coritiba FC,Série A,FC Schalke 04,1.Bundesliga,2005-2006,4500000,5000000
Jérémy Mathieu,Centre-Back,21,FC Sochaux,Ligue 1,Toulouse,Ligue 1,2005-2006,3500000,5000000
Carlos Diogo,Right-Back,21,River Plate,Torneo Final,Real Madrid,LaLiga,2005-2006,2500000,5000000
Thomas Kahlenberg,Central Midfield,22,Bröndby IF,Superligaen,AJ Auxerre,Ligue 1,2005-2006,1500000,5000000
Barreto,Second Striker,19,Treviso,Serie A,Udinese Calcio,Serie A,2005-2006,1000000,5000000
Michele Canini,Centre-Back,20,Atalanta,Serie B,Cagliari Calcio,Serie A,2005-2006,250000,5000000
El-Hadji Diouf,Centre-Forward,24,Liverpool,Premier League,Bolton,Premier League,2005-2006,6500000,4800000
Wilfred Bouma,Left-Back,27,PSV Eindhoven,Eredivisie,Aston Villa,Premier League,2005-2006,5000000,4700000
Tom Huddlestone,Defensive Midfield,18,Derby,Championship,Spurs,Premier League,2005-2006,4700000,4700000
Mikael Forssell,Centre-Forward,24,Chelsea,Premier League,Birmingham,Premier League,2005-2006,7000000,4500000
Mozart,Defensive Midfield,25,Reggina,Serie A,Spartak Moscow,Premier Liga,2005-2006,5000000,4500000
Igor Semshov,Central Midfield,27,Torpedo Moscow,Premier Liga,Dinamo Moscow,Premier Liga,2005-2006,4000000,4500000
Martin Stranzl,Centre-Back,25,VfB Stuttgart,1.Bundesliga,Spartak Moscow,Premier Liga,2005-2006,3500000,4500000
Darren Bent,Centre-Forward,21,Ipswich,Championship,Charlton,Premier League,2005-2006,3500000,4500000
Nathan Ellington,Centre-Forward,24,Wigan,Premier League,West Brom,Premier League,2005-2006,2250000,4500000
Lima,Centre-Forward,23,Atlético-PR,Série A,Ittihad, Saudi Arabia,2005-2006,200000,4500000
Curtis Davies,Centre-Back,20,Luton Town,Championship,West Brom,Premier League,2005-2006,NA,4500000
Lassana Diarra,Defensive Midfield,20,AC Le Havre,Ligue 2,Chelsea,Premier League,2005-2006,NA,4500000
Shunsuke Nakamura,Attacking Midfield,27,Reggina,Serie A,Celtic,Premiership,2005-2006,2500000,4200000
Ruslan Rotan,Central Midfield,23,Dnipro,Premier Liga,Dynamo Kyiv,Premier Liga,2005-2006,NA,4200000
Emiliano Bonazzoli,Centre-Forward,26,Reggina,Serie A,Parma,Serie A,2005-2006,4000000,4150000
Robert Earnshaw,Centre-Forward,24,West Brom,Premier League,Norwich,Championship,2005-2006,5300000,4130000
Costinha,Defensive Midfield,30,FC Porto,Liga NOS,Dinamo Moscow,Premier Liga,2005-2006,15000000,4000000
Per Kröldrup,Centre-Back,26,Everton,Premier League,Fiorentina,Serie A,2005-2006,7250000,4000000
Cicinho,Right-Back,25,São Paulo,Série A,Real Madrid,LaLiga,2005-2006,5000000,4000000
Edwin van der Sar,Goalkeeper,34,Fulham,Premier League,Man Utd,Premier League,2005-2006,4750000,4000000
Pablo García,Defensive Midfield,28,CA Osasuna,LaLiga,Real Madrid,LaLiga,2005-2006,4250000,4000000
Simon Vukcevic,Right Winger,19,Partizan,SuperLiga,Saturn,Premier Liga,2005-2006,4000000,4000000
Reinaldo,Centre-Forward,26,Paris SG,Ligue 1,Kashiwa Reysol,J1 League,2005-2006,4000000,4000000
Andreas Ivanschitz,Attacking Midfield,22,Rapid Vienna,Bundesliga,RB Salzburg,Bundesliga,2005-2006,3800000,4000000
Vladimir Bystrov,Right Midfield,21,Zenit S-Pb,Premier Liga,Spartak Moscow,Premier Liga,2005-2006,3300000,4000000
Eduardo Costa,Defensive Midfield,22,Marseille,Ligue 1,Espanyol,LaLiga,2005-2006,3000000,4000000
Lorik Cana,Centre-Back,22,Paris SG,Ligue 1,Marseille,Ligue 1,2005-2006,2800000,4000000
Mike Hanke,Centre-Forward,21,FC Schalke 04,1.Bundesliga,VfL Wolfsburg,1.Bundesliga,2005-2006,1750000,4000000
Alex Song,Defensive Midfield,17,SC Bastia,Ligue 2,Arsenal,Premier League,2005-2006,1250000,4000000
Aleksandr Samedov,Right Winger,20,Spartak Moscow,Premier Liga,Loko Moscow,Premier Liga,2005-2006,150000,4000000
Patrick Müller,Centre-Back,29,FC Basel,Super League,Olympique Lyon,Ligue 1,2005-2006,3000000,3800000
Yossi Benayoun,Right Winger,25,Racing,LaLiga,West Ham,Premier League,2005-2006,4000000,3750000
Tolga Seyhan,Centre-Back,28,Trabzonspor,Süper Lig,Shakhtar D.,Premier Liga,2005-2006,3500000,3750000
Paul Scharner,Centre-Back,25,SK Brann,Eliteserien,Wigan,Premier League,2005-2006,3000000,3670000
Darius Vassell,Centre-Forward,25,Aston Villa,Premier League,Man City,Premier League,2005-2006,5750000,3600000
Elvis Abbruscato,Centre-Forward,25,Arezzo,Serie B,Torino,Serie B,2005-2006,700000,3600000
Ewerthon,Centre-Forward,24,Bor. Dortmund,1.Bundesliga,Real Zaragoza,LaLiga,2005-2006,12000000,3500000
Aílton,Centre-Forward,32,FC Schalke 04,1.Bundesliga,Besiktas,Süper Lig,2005-2006,8000000,3500000
Deivid,Centre-Forward,25,Santos FC,Série A,Sporting CP,Liga NOS,2005-2006,3500000,3500000
Grzegorz Rasiak,Centre-Forward,26,Derby,Championship,Spurs,Premier League,2005-2006,3500000,3500000
Thiago Silva,Centre-Back,20,FC Porto,Liga NOS,Dinamo Moscow,Premier Liga,2005-2006,3500000,3500000
Alberto Rivera,Central Midfield,27,Levante UD,LaLiga2,Real Betis,LaLiga,2005-2006,800000,3500000
Grafite,Centre-Forward,26,São Paulo,Série A,Le Mans,Ligue 1,2005-2006,NA,3500000
Jonás Gutiérrez,Left Midfield,22,Vélez Sarsfield,Torneo Final,RCD Mallorca,LaLiga,2005-2006,NA,3500000
Pablo Zabaleta,Right-Back,20,San Lorenzo,Torneo Final,Espanyol,LaLiga,2005-2006,NA,3500000
Bryan Bergougnoux,Attacking Midfield,22,Olympique Lyon,Ligue 1,Toulouse,Ligue 1,2005-2006,2500000,3400000
Filip Holosko,Right Winger,22,Slovan Liberec,HET Liga,Manisaspor,Süper Lig,2005-2006,NA,3300000
Tomas Jun,Second Striker,22,Sparta Praha,HET Liga,Trabzonspor,Süper Lig,2005-2006,4000000,3250000
Danny Murphy,Central Midfield,28,Charlton,Premier League,Spurs,Premier League,2005-2006,5300000,3210000
Vikash Dhorasoo,Central Midfield,31,AC Milan,Serie A,Paris SG,Ligue 1,2005-2006,4000000,3200000
Fran Mérida,Central Midfield,15,Barcelona Yth., Spain,Arsenal U18, England,2005-2006,NA,3200000
Maciej Zurawski,Centre-Forward,28,Wisla Kraków,Ekstraklasa,Celtic,Premiership,2005-2006,5000000,3100000
Clinton Morrison,Centre-Forward,26,Birmingham,Premier League,Crystal Palace,Championship,2005-2006,7000000,3000000
Jesper Grönkjaer,Left Winger,27,Atlético Madrid,LaLiga,VfB Stuttgart,1.Bundesliga,2005-2006,6500000,3000000
Santos,Centre-Forward,26,FC Sochaux,Ligue 1,Toulouse,Ligue 1,2005-2006,6500000,3000000
Aruna Dindane,Second Striker,24,RSC Anderlecht,Jupiler Pro League,Lens,Ligue 1,2005-2006,5000000,3000000
Albert Riera,Left Winger,23,G. Bordeaux,Ligue 1,Espanyol,LaLiga,2005-2006,4750000,3000000
Alou Diarra,Defensive Midfield,23,Liverpool,Premier League,Lens,Ligue 1,2005-2006,4000000,3000000
Frédéric Piquionne,Centre-Forward,26,Stade Rennais,Ligue 1,Saint-Étienne,Ligue 1,2005-2006,4000000,3000000
Pascal Feindouno,Right Winger,24,G. Bordeaux,Ligue 1,Saint-Étienne,Ligue 1,2005-2006,4000000,3000000
Fabrice Pancrate,Right Winger,25,Le Mans,Ligue 1,Paris SG,Ligue 1,2005-2006,4000000,3000000
Grzegorz Rasiak,Centre-Forward,26,Spurs,Premier League,Southampton,Championship,2005-2006,3500000,3000000
Andrew O'Brien,Centre-Back,26,Newcastle,Premier League,Portsmouth,Premier League,2005-2006,3500000,3000000
Abou Diaby,Central Midfield,19,AJ Auxerre,Ligue 1,Arsenal,Premier League,2005-2006,3000000,3000000
Mohamed Zidan,Second Striker,23,FC Midtjylland,Superligaen,Werder Bremen,1.Bundesliga,2005-2006,3000000,3000000
Erik Edman,Left-Back,26,Spurs,Premier League,Stade Rennais,Ligue 1,2005-2006,3000000,3000000
David Rozehnal,Centre-Back,25,Club Brugge,Jupiler Pro League,Paris SG,Ligue 1,2005-2006,2500000,3000000
Sergey Semak,Central Midfield,29,Paris SG,Ligue 1,FK Moskau,Premier Liga,2005-2006,2500000,3000000
Hossam Ghaly,Central Midfield,24,Feyenoord,Eredivisie,Spurs,Premier League,2005-2006,2500000,3000000
Moumouni Dagano,Centre-Forward,24,Guingamp,Ligue 2,FC Sochaux,Ligue 1,2005-2006,2500000,3000000
Luis García,Central Midfield,24,RCD Mallorca,LaLiga,Espanyol,LaLiga,2005-2006,2500000,3000000
Marcus Bent,Centre-Forward,27,Everton,Premier League,Charlton,Premier League,2005-2006,2250000,3000000
Wayne Routledge,Left Winger,20,Crystal Palace,Championship,Spurs,Premier League,2005-2006,2250000,3000000
Emir Spahic,Centre-Back,25,Torpedo Moscow,Premier Liga,Loko Moscow,Premier Liga,2005-2006,2000000,3000000
David Connolly,Centre-Forward,28,Leicester,Championship,Wigan,Premier League,2005-2006,2000000,3000000
Leonardo Pisculichi,Attacking Midfield,21,Argentinos,Torneo Final,RCD Mallorca,LaLiga,2005-2006,1750000,3000000
Claudio Maldonado,Defensive Midfield,26,Cruzeiro,Série A,Santos FC,Série A,2005-2006,1500000,3000000
Carlos Vela,Right Winger,16,Chivas, Mexico,Arsenal,Premier League,2005-2006,1000000,3000000
Alessandro Gamberini,Centre-Back,23,Bologna,Serie B,Fiorentina,Serie A,2005-2006,300000,3000000
Abdul Kader Keita,Right Winger,23,Al Sadd, Qatar,LOSC Lille,Ligue 1,2005-2006,NA,3000000
Amr Zaki,Centre-Forward,22,Enppi,Premier League,Loko Moscow,Premier Liga,2005-2006,NA,3000000
Sebastián Taborda,Centre-Forward,24,Defensor, Uruguay,Dep. La Coruña,LaLiga,2005-2006,NA,3000000
Aleksandr Anyukov,Right-Back,22,KS Samara,Premier Liga,Zenit S-Pb,Premier Liga,2005-2006,NA,3000000
Leandro Fernández,Centre-Back,22,River Plate,Torneo Final,Dinamo Moscow,Premier Liga,2005-2006,NA,3000000
Aritz Aduriz,Centre-Forward,24,Real Valladolid,LaLiga2,Athletic Bilbao,LaLiga,2005-2006,NA,3000000
Mikel Arteta,Central Midfield,23,Real Sociedad,LaLiga,Everton,Premier League,2005-2006,8000000,2800000
Emanuel Pogatetz,Centre-Back,22,Bay. Leverkusen,1.Bundesliga,Middlesbrough,Premier League,2005-2006,3000000,2710000
Jon Stead,Centre-Forward,22,Blackburn,Premier League,Sunderland,Premier League,2005-2006,3000000,2700000
Julio dos Santos,Central Midfield,22,Cerro Porteño, Paraguay,Bayern Munich ,1.Bundesliga,2005-2006,2000000,2700000
Yaya Touré,Central Midfield,22,Metalurh D.,Premier Liga,Olympiacos,Super League,2005-2006,2000000,2700000
Dennis Oliech,Right Winger,20,Al Arabi, Qatar,FC Nantes,Ligue 1,2005-2006,NA,2700000
Ade Akinbiyi,Centre-Forward,31,Burnley,Championship,Sheffield Utd.,Championship,2005-2006,2750000,2630000
Kléberson,Central Midfield,26,Man Utd,Premier League,Besiktas,Süper Lig,2005-2006,5500000,2600000
Enzo Maresca,Central Midfield,25,Juventus,Serie A,Sevilla FC,LaLiga,2005-2006,7500000,2500000
França,Centre-Forward,29,Bay. Leverkusen,1.Bundesliga,Kashiwa Reysol,J1 League,2005-2006,5000000,2500000
Luis Jiménez,Attacking Midfield,21,Ternana,Serie B,Fiorentina,Serie A,2005-2006,4000000,2500000
Shinji Ono,Attacking Midfield,26,Feyenoord,Eredivisie,Urawa Reds,J1 League,2005-2006,3750000,2500000
Wesley Sonck,Centre-Forward,26,AFC Ajax,Eredivisie,Bor. M'gladbach,1.Bundesliga,2005-2006,3500000,2500000
Thimothée Atouba,Left-Back,23,Spurs,Premier League,Hamburger SV,1.Bundesliga,2005-2006,3000000,2500000
Nicolás Frutos,Centre-Forward,24,Independiente,Torneo Final,RSC Anderlecht,Jupiler Pro League,2005-2006,3000000,2500000
Lukas Zelenka,Attacking Midfield,26,Sparta Praha,HET Liga,Manisaspor,Süper Lig,2005-2006,2500000,2500000
Nuno Espírito Santo,Goalkeeper,31,FC Porto,Liga NOS,Dinamo Moscow,Premier Liga,2005-2006,2500000,2500000
Takayuki Suzuki,Centre-Forward,29,Kashima Antlers,J1 League,Red Star,SuperLiga,2005-2006,2500000,2500000
Bakari Koné,Right Winger,23,FC Lorient,Ligue 2,OGC Nice,Ligue 1,2005-2006,2250000,2500000
Luciano Galletti,Right Winger,25,Real Zaragoza,LaLiga,Atlético Madrid,LaLiga,2005-2006,2000000,2500000
Nunes,Centre-Back,28,Braga,Liga NOS,RCD Mallorca,LaLiga,2005-2006,1500000,2500000
Mark González,Left Winger,20,Albacete,LaLiga2,Liverpool,Premier League,2005-2006,1500000,2500000
Ron Vlaar,Centre-Back,20,AZ Alkmaar,Eredivisie,Feyenoord,Eredivisie,2005-2006,1500000,2500000
Morten Skoubo,Centre-Forward,25,Bröndby IF,Superligaen,Real Sociedad,LaLiga,2005-2006,1250000,2500000
Jorge Luís,Left-Back,29,Braga,Liga NOS,Dinamo Moscow,Premier Liga,2005-2006,1000000,2500000
Bostjan Cesar,Centre-Back,22,Dinamo Zagreb,1.HNL,Marseille,Ligue 1,2005-2006,1000000,2500000
Quincy Owusu-Abeyie,Left Winger,19,Arsenal,Premier League,Spartak Moscow,Premier Liga,2005-2006,750000,2500000
Edixon Perea,Centre-Forward,21,Atl. Nacional, Colombia,G. Bordeaux,Ligue 1,2005-2006,NA,2500000
Felipe,Left Winger,27,Fluminense,Série A,Al Sadd, Qatar,2005-2006,NA,2500000
Federico Insúa,Attacking Midfield,25,Independiente,Torneo Final,Boca Juniors,Torneo Final,2005-2006,4500000,2480000
Naldo,Centre-Back,22,Juventude,Série A,Werder Bremen,1.Bundesliga,2005-2006,2750000,2400000
Garry O'Connor,Centre-Forward,22,Hibernian FC,Premiership,Loko Moscow,Premier Liga,2005-2006,2000000,2400000
Jhon Viáfara,Defensive Midfield,26,Once Caldas, Colombia,Portsmouth,Premier League,2005-2006,NA,2400000
Lisandro López,Centre-Forward,22,Racing Club,Torneo Final,FC Porto,Liga NOS,2005-2006,5500000,2300000
Michael Brown,Central Midfield,28,Spurs,Premier League,Fulham,Premier League,2005-2006,3000000,2300000
Sören Larsen,Centre-Forward,23,Djurgarden,Allsvenskan,FC Schalke 04,1.Bundesliga,2005-2006,NA,2300000
Nolberto Solano,Right Midfield,31,Aston Villa,Premier League,Newcastle,Premier League,2005-2006,5000000,2250000
Paul Konchesky,Left-Back,24,Charlton,Premier League,West Ham,Premier League,2005-2006,3500000,2250000
Diomansy Kamara,Right Winger,24,Modena,Serie B,West Brom,Premier League,2005-2006,2500000,2250000
Darren Carter,Central Midfield,21,Birmingham,Premier League,West Brom,Premier League,2005-2006,2250000,2250000
Marek Heinz,Centre-Forward,28,Bor. M'gladbach,1.Bundesliga,Galatasaray,Süper Lig,2005-2006,1500000,2250000
Damien Francis,Central Midfield,26,Norwich,Championship,Wigan,Premier League,2005-2006,550000,2250000
John Welsh,Central Midfield,21,Liverpool,Premier League,Hull City,Championship,2005-2006,250000,2250000
Gustavo Nery,Left-Back,27,Werder Bremen,1.Bundesliga,Corinthians,Série A,2005-2006,2500000,2200000
Adam Virgo,Centre-Back,22,Brighton,Championship,Celtic,Premiership,2005-2006,NA,2200000
Ivica Dragutinovic,Centre-Back,29,Standard Liège,Jupiler Pro League,Sevilla FC,LaLiga,2005-2006,2500000,2100000
Santiago Solari,Left Midfield,28,Real Madrid,LaLiga,Inter,Serie A,2005-2006,7000000,2000000
Nuno Valente,Left-Back,30,FC Porto,Liga NOS,Everton,Premier League,2005-2006,5000000,2000000
Young-pyo Lee,Left-Back,28,PSV Eindhoven,Eredivisie,Spurs,Premier League,2005-2006,4000000,2000000
Rabiu Afolabi,Centre-Back,25,Austria Vienna,Bundesliga,FC Sochaux,Ligue 1,2005-2006,3800000,2000000
Tomasz Frankowski,Centre-Forward,31,Elche CF,LaLiga2,Wolves,Championship,2005-2006,3750000,2000000
Patrick Owomoyela,Right-Back,25,Arm. Bielefeld,1.Bundesliga,Werder Bremen,1.Bundesliga,2005-2006,3250000,2000000
João Alves,Central Midfield,24,Braga,Liga NOS,Sporting CP,Liga NOS,2005-2006,3000000,2000000
Sébastien Mazure,Centre-Forward,26,SM Caen,Ligue 2,Saint-Étienne,Ligue 1,2005-2006,3000000,2000000
Sasa Ilic,Central Midfield,27,Partizan,SuperLiga,Galatasaray,Süper Lig,2005-2006,3000000,2000000
Miguel Ángel,Defensive Midfield,26,Málaga CF,LaLiga,Real Betis,LaLiga,2005-2006,2000000,2000000
Chun-soo Lee,Second Striker,23,Real Sociedad,LaLiga,Ulsan," Korea, South",2005-2006,2000000,2000000
Martin Kamburov,Centre-Forward,25,Lok. Plovdiv, Bulgaria,Al Ahli, Qatar,2005-2006,2000000,2000000
Javier Arizmendi,Centre-Forward,21,Atlético Madrid,LaLiga,Dep. La Coruña,LaLiga,2005-2006,1500000,2000000
Marián Had,Centre-Back,23,Zbrojovka Brno,HET Liga,Loko Moscow,Premier Liga,2005-2006,1250000,2000000
Martin Andresen,Central Midfield,28,Stabaek IF,OBOS-ligaen,SK Brann,Eliteserien,2005-2006,1250000,2000000
Eldin Jakupovic,Goalkeeper,21,Grasshoppers,Super League,Loko Moscow,Premier Liga,2005-2006,750000,2000000
Anthony Seric,Left-Back,26,Lazio,Serie A,Panathinaikos,Super League,2005-2006,600000,2000000
Danny Gabbidon,Centre-Back,25,Cardiff,Championship,West Ham,Premier League,2005-2006,600000,2000000
James Collins,Centre-Back,21,Cardiff,Championship,West Ham,Premier League,2005-2006,600000,2000000
Júan,Attacking Midfield,23,Fluminense,Série A,Flamengo,Série A,2005-2006,250000,2000000
Heidar Helguson,Centre-Forward,27,Watford,Championship,Fulham,Premier League,2005-2006,200000,2000000
Pavel Pogrebnyak,Centre-Forward,22,Spartak Moscow,Premier Liga,Tom Tomsk,Premier Liga,2005-2006,50000,2000000
Ben Foster,Goalkeeper,22,Stoke City,Championship,Man Utd,Premier League,2005-2006,50000,2000000
Denis Kolodin,Centre-Back,23,KS Samara,Premier Liga,Dinamo Moscow,Premier Liga,2005-2006,NA,2000000
Borges,Centre-Forward,25,Paraná,Série A,Vegalta Sendai,J2 League,2005-2006,NA,2000000
Ognjen Koroman,Right Winger,26,KS Samara,Premier Liga,Akhmat Grozny,Premier Liga,2005-2006,NA,2000000
Daniel Bilos,Left Midfield,24,CA Banfield,Torneo Final,Boca Juniors,Torneo Final,2005-2006,NA,2000000
Mads Junker,Centre-Forward,24,Nordsjaelland,Superligaen,Vitesse,Eredivisie,2005-2006,NA,2000000
Andriy Shevchenko,Centre-Forward,29,AC Milan,Serie A,Chelsea,Premier League,2006-2007,51000000,43300000
Michael Carrick,Defensive Midfield,25,Spurs,Premier League,Man Utd,Premier League,2006-2007,26500000,27200000
Mahamadou Diarra,Defensive Midfield,25,Olympique Lyon,Ligue 1,Real Madrid,LaLiga,2006-2007,20000000,26000000
Joaquín,Right Winger,25,Real Betis,LaLiga,Valencia CF,LaLiga,2006-2007,22000000,25000000
Zlatan Ibrahimovic,Centre-Forward,24,Juventus,Serie B,Inter,Serie A,2006-2007,25000000,24800000
Sergio Agüero,Centre-Forward,18,Independiente,Torneo Final,Atlético Madrid,LaLiga,2006-2007,5000000,21700000
Fernando Gago,Defensive Midfield,20,Boca Juniors,Torneo Final,Real Madrid,LaLiga,2006-2007,12000000,20500000
John Mikel Obi,Defensive Midfield,19,FK Lyn,Eliteserien,Chelsea,Premier League,2006-2007,NA,20000000
Dirk Kuyt,Right Winger,26,Feyenoord,Eredivisie,Liverpool,Premier League,2006-2007,17250000,18000000
Émerson,Defensive Midfield,30,Juventus,Serie B,Real Madrid,LaLiga,2006-2007,26000000,16000000
Obafemi Martins,Centre-Forward,21,Inter,Serie A,Newcastle,Premier League,2006-2007,12000000,16000000
Dimitar Berbatov,Centre-Forward,25,Bay. Leverkusen,1.Bundesliga,Spurs,Premier League,2006-2007,17000000,15700000
Damien Duff,Right Midfield,27,Chelsea,Premier League,Newcastle,Premier League,2006-2007,15000000,15500000
Ruud van Nistelrooy,Centre-Forward,30,Man Utd,Premier League,Real Madrid,LaLiga,2006-2007,32000000,15000000
Ricardo Oliveira,Centre-Forward,26,Real Betis,LaLiga,AC Milan,Serie A,2006-2007,6000000,15000000
Carlos Tévez,Second Striker,22,Corinthians,Série A,West Ham,Premier League,2006-2007,15000000,14600000
Javier Mascherano,Defensive Midfield,22,Corinthians,Série A,West Ham,Premier League,2006-2007,11800000,14600000
Anatoliy Tymoshchuk,Defensive Midfield,27,Shakhtar D.,Premier Liga,Zenit S-Pb,Premier Liga,2006-2007,6000000,14500000
Gianluca Zambrotta,Right-Back,29,Juventus,Serie B,FC Barcelona,LaLiga,2006-2007,26000000,14000000
Khalid Boulahrouz,Centre-Back,24,Hamburger SV,1.Bundesliga,Chelsea,Premier League,2006-2007,13000000,13200000
Ashley Young,Left Midfield,21,Watford,Premier League,Aston Villa,Premier League,2006-2007,6500000,13200000
David Pizarro,Central Midfield,26,Inter,Serie A,AS Roma,Serie A,2006-2007,8000000,13000000
Matthew Upson,Centre-Back,27,Birmingham,Championship,West Ham,Premier League,2006-2007,9000000,12600000
Didier Zokora,Defensive Midfield,25,Saint-Étienne,Ligue 1,Spurs,Premier League,2006-2007,12500000,12350000
Nicolas Anelka,Centre-Forward,27,Fenerbahce,Süper Lig,Bolton,Premier League,2006-2007,12000000,12000000
Eidur Gudjohnsen,Centre-Forward,27,Chelsea,Premier League,FC Barcelona,LaLiga,2006-2007,12000000,12000000
Gonzalo Higuaín,Centre-Forward,19,River Plate,Torneo Final,Real Madrid,LaLiga,2006-2007,12000000,12000000
Pablo Aimar,Attacking Midfield,26,Valencia CF,LaLiga,Real Zaragoza,LaLiga,2006-2007,18000000,11000000
Cani,Attacking Midfield,24,Real Zaragoza,LaLiga,Villarreal CF,LaLiga,2006-2007,11000000,11000000
Andy Johnson,Centre-Forward,25,Crystal Palace,Championship,Everton,Premier League,2006-2007,11000000,11000000
Vincent Kompany,Centre-Back,20,RSC Anderlecht,Jupiler Pro League,Hamburger SV,1.Bundesliga,2006-2007,13500000,10500000
Lukas Podolski,Centre-Forward,21,1. FC Köln,2.Bundesliga,Bayern Munich ,1.Bundesliga,2006-2007,12000000,10000000
Tomás Rosicky,Attacking Midfield,25,Bor. Dortmund,1.Bundesliga,Arsenal,Premier League,2006-2007,11000000,10000000
Francesco Tavano,Centre-Forward,27,FC Empoli,Serie A,Valencia CF,LaLiga,2006-2007,8500000,10000000
Stiliyan Petrov,Central Midfield,27,Celtic,Premiership,Aston Villa,Premier League,2006-2007,7350000,10000000
Pascal Chimbonda,Right-Back,27,Wigan,Premier League,Spurs,Premier League,2006-2007,4000000,10000000
Patrick Vieira,Defensive Midfield,30,Juventus,Serie B,Inter,Serie A,2006-2007,28000000,9500000
Jermaine Pennant,Right Winger,23,Birmingham,Championship,Liverpool,Premier League,2006-2007,5500000,9100000
Maniche,Central Midfield,28,Dinamo Moscow,Premier Liga,Atlético Madrid,LaLiga,2006-2007,13000000,9000000
Craig Bellamy,Left Winger,26,Blackburn,Premier League,Liverpool,Premier League,2006-2007,9000000,9000000
Fernando Cavenaghi,Centre-Forward,23,Spartak Moscow,Premier Liga,G. Bordeaux,Ligue 1,2006-2007,6500000,9000000
Arouna Koné,Centre-Forward,22,Roda JC,Eredivisie,PSV Eindhoven,Eredivisie,2006-2007,6000000,9000000
Wagner,Attacking Midfield,21,Cruzeiro,Série A,Ittihad, Saudi Arabia,2006-2007,NA,9000000
Javier Chevantón,Centre-Forward,25,Monaco,Ligue 1,Sevilla FC,LaLiga,2006-2007,7000000,8900000
Robert Huth,Centre-Back,21,Chelsea,Premier League,Middlesbrough,Premier League,2006-2007,2750000,8900000
Amauri,Centre-Forward,26,Chievo Verona,Serie A,US Palermo,Serie A,2006-2007,4000000,8750000
Matías Fernández,Attacking Midfield,20,Colo Colo, Chile,Villarreal CF,LaLiga,2006-2007,11000000,8700000
Rafael Sóbis,Centre-Forward,21,Internacional,Série A,Real Betis,LaLiga,2006-2007,7500000,8500000
Daniel Van Buyten,Centre-Back,28,Hamburger SV,1.Bundesliga,Bayern Munich ,1.Bundesliga,2006-2007,14000000,8000000
Adrian Mutu,Centre-Forward,27,Juventus,Serie B,Fiorentina,Serie A,2006-2007,11000000,8000000
Kim Källström,Defensive Midfield,23,Stade Rennais,Ligue 1,Olympique Lyon,Ligue 1,2006-2007,7500000,8000000
Nilmar,Centre-Forward,21,Olympique Lyon,Ligue 1,Corinthians,Série A,2006-2007,6000000,8000000
Massimo Oddo,Right-Back,30,Lazio,Serie A,AC Milan,Serie A,2006-2007,10000000,7750000
Ronaldo,Centre-Forward,30,Real Madrid,LaLiga,AC Milan,Serie A,2006-2007,27500000,7500000
Asier del Horno,Left-Back,25,Chelsea,Premier League,Valencia CF,LaLiga,2006-2007,12000000,7500000
Fatih Tekke,Centre-Forward,28,Trabzonspor,Süper Lig,Zenit S-Pb,Premier Liga,2006-2007,8250000,7500000
Emile Heskey,Centre-Forward,28,Birmingham,Championship,Wigan,Premier League,2006-2007,5500000,7500000
Diego Lugano,Centre-Back,25,São Paulo,Série A,Fenerbahce,Süper Lig,2006-2007,3750000,7500000
Ederson,Attacking Midfield,20,Juventude,Série A,OGC Nice,Ligue 1,2006-2007,1500000,7500000
Ashley Cole,Left-Back,25,Arsenal,Premier League,Chelsea,Premier League,2006-2007,17000000,7400000
Fabio Cannavaro,Centre-Back,32,Juventus,Serie B,Real Madrid,LaLiga,2006-2007,14000000,7000000
Mateja Kezman,Centre-Forward,27,Atlético Madrid,LaLiga,Fenerbahce,Süper Lig,2006-2007,12500000,7000000
Alejandro Domínguez,Attacking Midfield,25,Rubin Kazan,Premier Liga,Zenit S-Pb,Premier Liga,2006-2007,7000000,7000000
Jérémy Toulalan,Defensive Midfield,22,FC Nantes,Ligue 1,Olympique Lyon,Ligue 1,2006-2007,7000000,7000000
Maicon,Right-Back,24,Monaco,Ligue 1,Inter,Serie A,2006-2007,7000000,6800000
Luís Boa Morte,Left Midfield,29,Fulham,Premier League,West Ham,Premier League,2006-2007,3500000,6800000
Mido,Centre-Forward,23,AS Roma,Serie A,Spurs,Premier League,2006-2007,10500000,6750000
Joleon Lescott,Centre-Back,23,Wolves,Championship,Everton,Premier League,2006-2007,8000000,6500000
Marcelo,Left-Back,18,Fluminense,Série A,Real Madrid,LaLiga,2006-2007,6500000,6500000
Stefan Kießling,Centre-Forward,22,1.FC Nuremberg,1.Bundesliga,Bay. Leverkusen,1.Bundesliga,2006-2007,5000000,6500000
David Odonkor,Right Winger,22,Bor. Dortmund,1.Bundesliga,Real Betis,LaLiga,2006-2007,4500000,6500000
Stephen Makinwa,Centre-Forward,22,US Palermo,Serie A,Lazio,Serie A,2006-2007,4000000,6300000
Alou Diarra,Defensive Midfield,25,Lens,Ligue 1,Olympique Lyon,Ligue 1,2006-2007,5000000,6250000
Costinha,Defensive Midfield,31,Dinamo Moscow,Premier Liga,Atlético Madrid,LaLiga,2006-2007,15000000,6000000
Mark van Bommel,Defensive Midfield,29,FC Barcelona,LaLiga,Bayern Munich ,1.Bundesliga,2006-2007,12000000,6000000
Nikola Zigic,Centre-Forward,25,Red Star,SuperLiga,Racing,LaLiga,2006-2007,8000000,6000000
Georgios Seitaridis,Right-Back,25,Dinamo Moscow,Premier Liga,Atlético Madrid,LaLiga,2006-2007,8000000,6000000
Diego,Attacking Midfield,21,FC Porto,Liga NOS,Werder Bremen,1.Bundesliga,2006-2007,8000000,6000000
Joris Mathijsen,Centre-Back,26,AZ Alkmaar,Eredivisie,Hamburger SV,1.Bundesliga,2006-2007,6000000,6000000
Ilan,Centre-Forward,25,FC Sochaux,Ligue 1,Saint-Étienne,Ligue 1,2006-2007,5000000,6000000
Fernando Navarro,Left-Back,24,FC Barcelona,LaLiga,RCD Mallorca,LaLiga,2006-2007,2500000,6000000
Gary McSheffrey,Left Winger,23,Coventry City,Championship,Birmingham,Championship,2006-2007,1250000,6000000
Sidi Keita,Defensive Midfield,21,R. Strasbourg,Ligue 2,Lens,Ligue 1,2006-2007,1000000,6000000
Javi Martínez,Defensive Midfield,17,CA Osasuna B,2ª B - Grupo III,Athletic Bilbao,LaLiga,2006-2007,NA,6000000
Sébastien Frey,Goalkeeper,26,Parma,Serie A,Fiorentina,Serie A,2006-2007,15000000,5750000
Edú Dracena,Centre-Back,25,Cruzeiro,Série A,Fenerbahce,Süper Lig,2006-2007,1500000,5700000
Ramón,Attacking Midfield,18,Corinthians,Série A,CSKA Moscow,Premier Liga,2006-2007,NA,5650000
Yaya Touré,Central Midfield,23,Olympiacos,Super League,Monaco,Ligue 1,2006-2007,8000000,5500000
Fabio Grosso,Left-Back,28,US Palermo,Serie A,Inter,Serie A,2006-2007,7000000,5500000
Daniel Moreira,Second Striker,28,Toulouse,Ligue 1,Stade Rennais,Ligue 1,2006-2007,7000000,5500000
Mario Santana,Second Striker,24,US Palermo,Serie A,Fiorentina,Serie A,2006-2007,6500000,5500000
Fábio Simplício,Central Midfield,26,Parma,Serie A,US Palermo,Serie A,2006-2007,6000000,5500000
Matías Delgado,Attacking Midfield,23,FC Basel,Super League,Besiktas,Süper Lig,2006-2007,6000000,5500000
Souleymane Diawara,Centre-Back,27,FC Sochaux,Ligue 1,Charlton,Premier League,2006-2007,4000000,5400000
Cristian Ledesma,Central Midfield,23,Lecce,Serie B,Lazio,Serie A,2006-2007,9000000,5300000
Emiliano Bonazzoli,Centre-Forward,27,Parma,Serie A,Sampdoria,Serie A,2006-2007,5000000,5250000
Fernando Morientes,Centre-Forward,30,Liverpool,Premier League,Valencia CF,LaLiga,2006-2007,10000000,5000000
Aleksandr Kerzhakov,Centre-Forward,24,Zenit S-Pb,Premier Liga,Sevilla FC,LaLiga,2006-2007,7500000,5000000
Diego Milito,Centre-Forward,27,Genoa,Serie B,Real Zaragoza,LaLiga,2006-2007,6000000,5000000
Benoît Pedretti,Defensive Midfield,25,Olympique Lyon,Ligue 1,AJ Auxerre,Ligue 1,2006-2007,6000000,5000000
Lilian Thuram,Centre-Back,34,Juventus,Serie B,FC Barcelona,LaLiga,2006-2007,5000000,5000000
Celsinho,Attacking Midfield,17,Portuguesa, Brazil,Loko Moscow,Premier Liga,2006-2007,5000000,5000000
Pierre-Alain Frau,Centre-Forward,26,Olympique Lyon,Ligue 1,Paris SG,Ligue 1,2006-2007,4500000,5000000
Ricardo Rocha,Centre-Back,28,Benfica,Liga NOS,Spurs,Premier League,2006-2007,3600000,5000000
Johan Elmander,Centre-Forward,25,Bröndby IF,Superligaen,Toulouse,Ligue 1,2006-2007,3500000,5000000
Benoît Assou-Ekotto,Left-Back,22,Lens,Ligue 1,Spurs,Premier League,2006-2007,2800000,5000000
Pavel Pogrebnyak,Centre-Forward,23,Tom Tomsk,Premier Liga,Zenit S-Pb,Premier Liga,2006-2007,2500000,5000000
Mousa Dembélé,Central Midfield,18,Willem II,Eredivisie,AZ Alkmaar,Eredivisie,2006-2007,1750000,5000000
Denílson,Defensive Midfield,18,São Paulo,Série A,Arsenal,Premier League,2006-2007,NA,5000000
Edinson Cavani,Centre-Forward,19,Danubio FC, Uruguay,US Palermo,Serie A,2006-2007,NA,5000000
Jan Vennegoor of Hesselink,Centre-Forward,27,PSV Eindhoven,Eredivisie,Celtic,Premiership,2006-2007,8500000,4900000
Per Mertesacker,Centre-Back,21,Hannover 96,1.Bundesliga,Werder Bremen,1.Bundesliga,2006-2007,10000000,4700000
Nelson Valdez,Centre-Forward,22,Werder Bremen,1.Bundesliga,Bor. Dortmund,1.Bundesliga,2006-2007,5000000,4700000
Riki,Centre-Forward,25,Getafe CF,LaLiga,Dep. La Coruña,LaLiga,2006-2007,6000000,4640000
Sébastien Squillaci,Centre-Back,25,Monaco,Ligue 1,Olympique Lyon,Ligue 1,2006-2007,7500000,4500000
Olivier Thomert,Left Midfield,26,Lens,Ligue 1,Stade Rennais,Ligue 1,2006-2007,6500000,4500000
Paulo André,Centre-Back,22,Atlético-PR,Série A,Le Mans,Ligue 1,2006-2007,6000000,4500000
Niko Kranjcar,Attacking Midfield,22,Hajduk Split,1.HNL,Portsmouth,Premier League,2006-2007,5000000,4500000
Afonso Alves,Centre-Forward,25,Malmö FF,Allsvenskan,Heerenveen,Eredivisie,2006-2007,4500000,4500000
Franck Queudrue,Left-Back,27,Middlesbrough,Premier League,Fulham,Premier League,2006-2007,4500000,4500000
Johann Vogel,Defensive Midfield,29,AC Milan,Serie A,Real Betis,LaLiga,2006-2007,4500000,4500000
Federico Insúa,Attacking Midfield,26,Boca Juniors,Torneo Final,Bor. M'gladbach,1.Bundesliga,2006-2007,4500000,4500000
Fitz Hall,Centre-Back,25,Crystal Palace,Championship,Wigan,Premier League,2006-2007,4500000,4500000
Deivid,Centre-Forward,26,Sporting CP,Liga NOS,Fenerbahce,Süper Lig,2006-2007,3500000,4500000
Yoann Gourcuff,Attacking Midfield,19,Stade Rennais,Ligue 1,AC Milan,Serie A,2006-2007,3500000,4500000
Greg Halford,Centre-Back,22,Colchester Utd.,Championship,Reading,Premier League,2006-2007,400000,4500000
Dodô,Centre-Forward,32,Botafogo,Série A,Al-Ain FC, United Arab Emirates,2006-2007,NA,4500000
Cameron Jerome,Centre-Forward,19,Cardiff,Championship,Birmingham,Championship,2006-2007,5000000,4450000
Denny Landzaat,Central Midfield,30,AZ Alkmaar,Eredivisie,Wigan,Premier League,2006-2007,7000000,4400000
Andy Reid,Left Midfield,23,Spurs,Premier League,Charlton,Premier League,2006-2007,5700000,4200000
Calum Davenport,Centre-Back,24,Spurs,Premier League,West Ham,Premier League,2006-2007,1500000,4200000
Fábio Santos,Defensive Midfield,26,Cruzeiro,Série A,Olympique Lyon,Ligue 1,2006-2007,NA,4200000
Alex Frei,Centre-Forward,26,Stade Rennais,Ligue 1,Bor. Dortmund,1.Bundesliga,2006-2007,10000000,4100000
Simone Barone,Central Midfield,28,US Palermo,Serie A,Torino,Serie A,2006-2007,6000000,4100000
Milan Bisevac,Centre-Back,23,Red Star,SuperLiga,Lens,Ligue 1,2006-2007,1000000,4100000
Jason Roberts,Centre-Forward,28,Wigan,Premier League,Blackburn,Premier League,2006-2007,3850000,4080000
Salomon Kalou,Left Winger,20,Feyenoord,Eredivisie,Chelsea,Premier League,2006-2007,8500000,4000000
Mista,Centre-Forward,27,Valencia CF,LaLiga,Atlético Madrid,LaLiga,2006-2007,8280000,4000000
Jean-Alain Boumsong,Centre-Back,26,Newcastle,Premier League,Juventus,Serie B,2006-2007,7500000,4000000
Péguy Luyindula,Centre-Forward,27,Marseille,Ligue 1,Paris SG,Ligue 1,2006-2007,5000000,4000000
Matt Moussilou,Centre-Forward,24,LOSC Lille,Ligue 1,OGC Nice,Ligue 1,2006-2007,5000000,4000000
Mariano Pernía,Left-Back,29,Getafe CF,LaLiga,Atlético Madrid,LaLiga,2006-2007,4500000,4000000
Andreas Hinkel,Right-Back,24,VfB Stuttgart,1.Bundesliga,Sevilla FC,LaLiga,2006-2007,4000000,4000000
Frédéric Thomas,Central Midfield,25,Le Mans,Ligue 1,AJ Auxerre,Ligue 1,2006-2007,4000000,4000000
Moubarak Boussoufa,Attacking Midfield,21,KAA Gent,Jupiler Pro League,RSC Anderlecht,Jupiler Pro League,2006-2007,4000000,4000000
Caner Erkin,Left-Back,18,Manisaspor,Süper Lig,CSKA Moscow,Premier Liga,2006-2007,4000000,4000000
Koen Daerden,Central Midfield,24,KRC Genk,Jupiler Pro League,Club Brugge,Jupiler Pro League,2006-2007,3750000,4000000
Matías Vuoso,Centre-Forward,24,Santos Laguna,Liga MX Clausura,América,Liga MX Clausura,2006-2007,2000000,4000000
Nenê,Attacking Midfield,24,Alavés,LaLiga2,Celta de Vigo,LaLiga,2006-2007,600000,4000000
Salvador Cabañas,Centre-Forward,25,Chiapas FC,Liga MX Clausura,América,Liga MX Clausura,2006-2007,NA,4000000
Leandro Somoza,Defensive Midfield,25,Vélez Sarsfield,Torneo Final,Villarreal CF,LaLiga,2006-2007,NA,4000000
Álvaro Arbeloa,Right-Back,24,Dep. La Coruña,LaLiga,Liverpool,Premier League,2006-2007,1300000,3900000
Boubacar Sanogo,Centre-Forward,23,1.FC K'lautern,2.Bundesliga,Hamburger SV,1.Bundesliga,2006-2007,4000000,3800000
Francisco Fonseca,Centre-Forward,27,Benfica,Liga NOS,Tigres UANL,Liga MX Clausura,2006-2007,2500000,3800000
Massimo Gobbi,Left-Back,26,Treviso,Serie B,Fiorentina,Serie A,2006-2007,2200000,3800000
Matthew Kilgallon,Centre-Back,22,Leeds,Championship,Sheffield Utd.,Premier League,2006-2007,100000,3800000
Marco Ruben,Centre-Forward,20,CA Rosario,Torneo Final,River Plate,Torneo Final,2006-2007,NA,3800000
Madjid Bougherra,Centre-Back,24,Sheff Wed,Championship,Charlton,Premier League,2006-2007,100000,3790000
Jimmy Bullard,Central Midfield,27,Wigan,Premier League,Fulham,Premier League,2006-2007,4500000,3750000
Ricardinho,Attacking Midfield,30,Corinthians,Série A,Besiktas,Süper Lig,2006-2007,3000000,3750000
Shefki Kuqi,Centre-Forward,29,Blackburn,Premier League,Crystal Palace,Championship,2006-2007,1750000,3750000
Benni McCarthy,Centre-Forward,28,FC Porto,Liga NOS,Blackburn,Premier League,2006-2007,6000000,3700000
Rodolfo,Centre-Back,24,Dynamo Kyiv,Premier Liga,Loko Moscow,Premier Liga,2006-2007,2500000,3700000
Jonathan Santana,Central Midfield,24,River Plate,Torneo Final,VfL Wolfsburg,1.Bundesliga,2006-2007,4500000,3600000
Leonardo Pisculichi,Attacking Midfield,22,RCD Mallorca,LaLiga,Al Arabi, Qatar,2006-2007,1750000,3600000
Konstantinos Katsouranis,Defensive Midfield,27,AEK Athens,Super League,Benfica,Liga NOS,2006-2007,7000000,3500000
Jiri Jarosik,Centre-Back,28,Chelsea,Premier League,Celtic,Premiership,2006-2007,6500000,3500000
Ronald Zubar,Centre-Back,20,SM Caen,Ligue 2,Marseille,Ligue 1,2006-2007,3750000,3500000
Roberto Guana,Central Midfield,25,Brescia,Serie B,US Palermo,Serie A,2006-2007,3700000,3500000
Jérémy Ménez,Second Striker,19,FC Sochaux,Ligue 1,Monaco,Ligue 1,2006-2007,3500000,3500000
Stefano Mauri,Attacking Midfield,26,Udinese Calcio,Serie A,Lazio,Serie A,2006-2007,3000000,3500000
Ricardo Osorio,Right-Back,26,CD Cruz Azul,Liga MX Clausura,VfB Stuttgart,1.Bundesliga,2006-2007,3000000,3500000
Francisco Fonseca,Centre-Forward,26,CD Cruz Azul,Liga MX Clausura,Benfica,Liga NOS,2006-2007,2500000,3500000
Diego Rivas,Central Midfield,26,Getafe CF,LaLiga,Real Sociedad,LaLiga,2006-2007,1500000,3500000
Gijs Luirink,Centre-Back,22,FC Groningen,Eredivisie,AZ Alkmaar,Eredivisie,2006-2007,750000,3500000
Claude Davis,Centre-Back,27,Preston NE,Championship,Sheffield Utd.,Premier League,2006-2007,300000,3500000
Daniel Montenegro,Attacking Midfield,27,Saturn,Premier Liga,Independiente,Torneo Final,2006-2007,NA,3500000
Nelson Rivas,Centre-Back,23,Deportivo Cali, Colombia,River Plate,Torneo Final,2006-2007,NA,3500000
Pablo Vitti,Centre-Forward,21,CA Rosario,Torneo Final,CA Banfield,Torneo Final,2006-2007,NA,3500000
Rob Hulse,Centre-Forward,26,Leeds,Championship,Sheffield Utd.,Premier League,2006-2007,1750000,3450000
Christian Wilhelmsson,Right Winger,26,RSC Anderlecht,Jupiler Pro League,FC Nantes,Ligue 1,2006-2007,7000000,3300000
Daniele Bonera,Centre-Back,25,Parma,Serie A,AC Milan,Serie A,2006-2007,6000000,3300000
Daniel Niculae,Centre-Forward,23,Rapid Bucharest,Liga 1,AJ Auxerre,Ligue 1,2006-2007,3300000,3300000
Radhi Jaidi,Centre-Back,30,Bolton,Premier League,Birmingham,Championship,2006-2007,2000000,3250000
David Cotterill,Right Winger,18,Bristol City,League One,Wigan,Premier League,2006-2007,400000,3200000
Corrêa,Defensive Midfield,25,Palmeiras,Série A,Dynamo Kyiv,Premier Liga,2006-2007,NA,3200000
Pasquale Foggia,Attacking Midfield,23,AC Milan,Serie A,Lazio,Serie A,2006-2007,2500000,3150000
Johan Micoud,Attacking Midfield,32,Werder Bremen,1.Bundesliga,G. Bordeaux,Ligue 1,2006-2007,8500000,3000000
Steed Malbranque,Central Midfield,26,Fulham,Premier League,Spurs,Premier League,2006-2007,8200000,3000000
Marco Cassetti,Centre-Back,29,Lecce,Serie B,AS Roma,Serie A,2006-2007,6000000,3000000
Andreas Isaksson,Goalkeeper,24,Stade Rennais,Ligue 1,Man City,Premier League,2006-2007,6000000,3000000
Jaap Stam,Centre-Back,33,AC Milan,Serie A,AFC Ajax,Eredivisie,2006-2007,5500000,3000000
Juan Pablo Sorín,Left-Back,30,Villarreal CF,LaLiga,Hamburger SV,1.Bundesliga,2006-2007,5500000,3000000
Jan Kromkamp,Right-Back,25,Liverpool,Premier League,PSV Eindhoven,Eredivisie,2006-2007,5000000,3000000
Boško Jankovic,Right Winger,22,Red Star,SuperLiga,RCD Mallorca,LaLiga,2006-2007,5000000,3000000
Robert Green,Goalkeeper,26,Norwich,Championship,West Ham,Premier League,2006-2007,5000000,3000000
Luis Jiménez,Attacking Midfield,22,Fiorentina,Serie A,Ternana,Serie C - B,2006-2007,5000000,3000000
Markus Rosenberg,Centre-Forward,24,AFC Ajax,Eredivisie,Werder Bremen,1.Bundesliga,2006-2007,4500000,3000000
Bernardo Corradi,Centre-Forward,30,Valencia CF,LaLiga,Man City,Premier League,2006-2007,4000000,3000000
Lucas Biglia,Defensive Midfield,20,Independiente,Torneo Final,RSC Anderlecht,Jupiler Pro League,2006-2007,4000000,3000000
Luciano Figueroa,Centre-Forward,25,River Plate,Torneo Final,Genoa,Serie B,2006-2007,3750000,3000000
Thomas Gravesen,Defensive Midfield,30,Real Madrid,LaLiga,Celtic,Premiership,2006-2007,3500000,3000000
Erjon Bogdani,Centre-Forward,29,Siena,Serie A,Chievo Verona,Serie A,2006-2007,3250000,3000000
Carlton Cole,Centre-Forward,22,Chelsea,Premier League,West Ham,Premier League,2006-2007,3000000,3000000
Ivan Pelizzoli,Goalkeeper,26,Reggina,Serie A,Loko Moscow,Premier Liga,2006-2007,3000000,3000000
Amara Diané,Right Winger,23,R. Strasbourg,Ligue 2,Paris SG,Ligue 1,2006-2007,3000000,3000000
Cribari,Centre-Back,26,Udinese Calcio,Serie A,Lazio,Serie A,2006-2007,3000000,3000000
Leandro Gracián,Attacking Midfield,23,Vélez Sarsfield,Torneo Final,Monterrey,Liga MX Clausura,2006-2007,3000000,3000000
Yohan Hautcoeur,Central Midfield,24,Le Mans,Ligue 1,Saint-Étienne,Ligue 1,2006-2007,3000000,3000000
José Manuel Jurado,Attacking Midfield,20,Real Madrid,LaLiga,Atlético Madrid,LaLiga,2006-2007,3000000,3000000
Amdy Fayé,Defensive Midfield,29,Newcastle,Premier League,Charlton,Premier League,2006-2007,2500000,3000000
André Ooijer,Centre-Back,32,PSV Eindhoven,Eredivisie,Blackburn,Premier League,2006-2007,2500000,3000000
Abdoulaye Fayé,Centre-Back,28,Lens,Ligue 1,Bolton,Premier League,2006-2007,2400000,3000000
Arthur Boka,Left-Back,23,R. Strasbourg,Ligue 2,VfB Stuttgart,1.Bundesliga,2006-2007,2350000,3000000
Nenad Kovacevic,Defensive Midfield,25,Red Star,SuperLiga,Lens,Ligue 1,2006-2007,2000000,3000000
Pascal Cygan,Centre-Back,32,Arsenal,Premier League,Villarreal CF,LaLiga,2006-2007,1400000,3000000
Clint Dempsey,Second Striker,23,Revolution,MLS,Fulham,Premier League,2006-2007,1000000,3000000
Pablo Barrientos,Right Winger,21,San Lorenzo,Torneo Final,FK Moskau,Premier Liga,2006-2007,1000000,3000000
Michel Bastos,Left Midfield,22,Atlético-PR,Série A,LOSC Lille,Ligue 1,2006-2007,1000000,3000000
Aílton,Centre-Forward,22,Örgryte,Superettan,FC Copenhagen,Superligaen,2006-2007,1000000,3000000
Christian Maggio,Right-Back,24,Fiorentina,Serie A,Sampdoria,Serie A,2006-2007,800000,3000000
Zdravko Kuzmanovic,Central Midfield,19,FC Basel,Super League,Fiorentina,Serie A,2006-2007,800000,3000000
Gonzalo Vargas,Centre-Forward,24,Gimnasia,Torneo Final,Monaco,Ligue 1,2006-2007,450000,3000000
Kevin Thomson,Central Midfield,22,Hibernian FC,Premiership,Rangers,Premiership,2006-2007,450000,3000000
George Ogararu,Right-Back,26,FCS Bucharest,Liga 1,AFC Ajax,Eredivisie,2006-2007,300000,3000000
Anthony Stokes,Centre-Forward,18,Arsenal U23, England,Sunderland,Championship,2006-2007,100000,3000000
Alexis Sánchez,Left Winger,17,Cobreloa, Chile,Udinese Calcio,Serie A,2006-2007,50000,3000000
Bolívar,Centre-Back,25,Internacional,Série A,Monaco,Ligue 1,2006-2007,NA,3000000
Kauê,Left-Back,22,Ituano, Brazil,Konyaspor,Süper Lig,2006-2007,NA,3000000
Juan Pablo Pino,Right Winger,19,Indep. Medellín, Colombia,Monaco,Ligue 1,2006-2007,NA,3000000
Ryan Donk,Defensive Midfield,20,RKC Waalwijk,Eredivisie,AZ Alkmaar,Eredivisie,2006-2007,NA,3000000
Luiz Adriano,Centre-Forward,19,Internacional,Série A,Shakhtar D.,Premier Liga,2006-2007,NA,3000000
Tinga,Central Midfield,28,Internacional,Série A,Bor. Dortmund,1.Bundesliga,2006-2007,3000000,2900000
Mohamed Zidan,Second Striker,25,Werder Bremen,1.Bundesliga,1.FSV Mainz 05,1.Bundesliga,2006-2007,3000000,2800000
Djimi Traoré,Centre-Back,26,Liverpool,Premier League,Charlton,Premier League,2006-2007,2500000,2800000
Karim Haggui,Centre-Back,22,R. Strasbourg,Ligue 2,Bay. Leverkusen,1.Bundesliga,2006-2007,4000000,2780000
Marcelinho Paraíba,Attacking Midfield,31,Trabzonspor,Süper Lig,VfL Wolfsburg,1.Bundesliga,2006-2007,10000000,2750000
Aleksandar Lukovic,Centre-Back,23,Red Star,SuperLiga,Udinese Calcio,Serie A,2006-2007,3000000,2700000
Gabriel Paletta,Centre-Back,20,CA Banfield,Torneo Final,Liverpool,Premier League,2006-2007,3000000,2700000
Luton Shelton,Left Winger,21,Helsingborg,Allsvenskan,Sheffield Utd.,Premier League,2006-2007,1300000,2700000
Yuki Abe,Defensive Midfield,25,JEF Utd. Chiba,J1 League,Urawa Reds,J1 League,2006-2007,400000,2700000
Matías Vuoso,Centre-Forward,25,América,Liga MX Clausura,Santos Laguna,Liga MX Clausura,2006-2007,2000000,2650000
Marko Pantelic,Centre-Forward,27,Red Star,SuperLiga,Hertha BSC,1.Bundesliga,2006-2007,3800000,2600000
Razvan Cocis,Central Midfield,23,Sheriff, Moldova,Loko Moscow,Premier Liga,2006-2007,325000,2600000
Marcelinho Paraíba,Attacking Midfield,31,Hertha BSC,1.Bundesliga,Trabzonspor,Süper Lig,2006-2007,10000000,2500000
Modeste M'Bami,Defensive Midfield,23,Paris SG,Ligue 1,Marseille,Ligue 1,2006-2007,5000000,2500000
Kevin Kilbane,Left Midfield,29,Everton,Premier League,Wigan,Premier League,2006-2007,4500000,2500000
Angelos Charisteas,Centre-Forward,26,AFC Ajax,Eredivisie,Feyenoord,Eredivisie,2006-2007,4000000,2500000
Luigi Pieroni,Centre-Forward,26,AJ Auxerre,Ligue 1,FC Nantes,Ligue 1,2006-2007,4000000,2500000
